:020000040800F2
:100000000050002011230008292100083121000898
:1000100039210008412100084921000800000000A2
:100020000000000000000000000000005121000856
:100030005D2100080000000069210008752100080A
:1000400059230008592300085923000859230008A0
:100050005923000859230008592300085923000890
:100060005923000859230008592300085923000880
:100070005923000859230008592300085923000870
:100080005923000859230008592300085923000860
:100090005923000859230008592300085923000850
:1000A0005923000859230008592300085923000840
:1000B0005923000859230008592300085923000830
:1000C0005923000859230008592300085923000820
:1000D0005923000859230008592300085923000810
:1000E0005923000859230008592300080000000084
:1000F0000000000000000000000000000000000000
:0C01000000000000000000005FF808F1A3
:1001100010B5054C237833B9044B13B10448AFF341
:1001200000800123237010BDDC01002000000000CE
:10013000F883000808B5034B1BB103490348AFF32C
:10014000008008BD00000000E0010020F8830008E6
:10015000034613F8012B002AFBD1181A0138704707
:1001600081F0004102E000BF83F0004330B54FEA68
:1001700041044FEA430594EA050F08BF90EA020FD5
:100180001FBF54EA000C55EA020C7FEA645C7FEA68
:10019000655C00F0E2804FEA5454D4EB5555B8BF8B
:1001A0006D420CDD2C4480EA020281EA030382EAFC
:1001B000000083EA010180EA020281EA0303362D8E
:1001C00088BF30BD11F0004F4FEA01314FF4801C61
:1001D0004CEA113102D0404261EB410113F0004F73
:1001E0004FEA03334CEA133302D0524263EB43032A
:1001F00094EA050F00F0A780A4F10104D5F1200EC8
:100200000DDB02FA0EFC22FA05F2801841F1000122
:1002100003FA0EF2801843FA05F359410EE0A5F1F6
:1002200020050EF1200E012A03FA0EFC28BF4CF027
:10023000020C43FA05F3C01851EBE37101F00045DD
:1002400007D54FF0000EDCF1000C7EEB00006EEBEA
:100250000101B1F5801F1BD3B1F5001F0CD3490874
:100260005FEA30004FEA3C0C04F101044FEA4452CB
:1002700012F5800F80F09A80BCF1004F08BF5FEA52
:10028000500C50F1000041EB045141EA050130BD32
:100290005FEA4C0C404141EB0101013C28BFB1F544
:1002A000801FE9D291F0000F04BF01460020B1FA8F
:1002B00081F308BF2033A3F10B03B3F120020CDA62
:1002C0000C3208DD02F1140CC2F10C0201FA0CF040
:1002D00021FA02F10CE002F11402D8BFC2F1200CA5
:1002E00001FA02F120FA0CFCDCBF41EA0C0190405B
:1002F000E41AA2BF01EB0451294330BD6FEA0404A4
:100300001F3C1CDA0C340EDC04F11404C4F120028E
:1003100020FA04F001FA02F340EA030021FA04F3A0
:1003200045EA030130BDC4F10C04C4F1200220FAF7
:1003300002F001FA04F340EA0300294630BD21FA35
:1003400004F0294630BD94F0000F83F4801306BFFB
:1003500081F480110134013D4EE77FEA645C18BFEF
:100360007FEA655C29D094EA050F08BF90EA020F86
:1003700005D054EA000C04BF1946104630BD91EA7E
:10038000030F1EBF0021002030BD5FEA545C05D181
:100390004000494128BF41F0004130BD14F58004C0
:1003A0003CBF01F5801130BD01F0004545F0FE4134
:1003B00041F470014FF0000030BD7FEA645C1ABF69
:1003C000194610467FEA655C1CBF0B46024650EAA0
:1003D000013406BF52EA033591EA030F41F40021CC
:1003E00030BD00BF90F0000F04BF0021704730B552
:1003F0004FF4806404F132044FF000054FF0000127
:1004000050E700BF90F0000F04BF0021704730B5E7
:100410004FF4806404F1320410F0004548BF4042BC
:100420004FF000013EE700BF42004FEAE2014FEA11
:1004300031014FEA02701FBF12F07F4393F07F4FEC
:1004400081F06051704732F07F4208BF704793F0EF
:100450007F4F04BF41F40021704730B54FF4607402
:1004600001F0004521F000411CE700BF50EA010205
:1004700008BF704730B54FF000050AE050EA0102AE
:1004800008BF704730B511F0004502D5404261EB1E
:1004900041014FF4806404F132045FEA915C3FF45F
:1004A000D8AE4FF003025FEADC0C18BF03325FEAFC
:1004B000DC0C18BF033202EBDC02C2F1200300FAAD
:1004C00003FC20FA02F001FA03FE40EA0E0021FAD2
:1004D00002F11444BDE600BF70B54FF0FF0C4CF4C0
:1004E000E06C1CEA11541DBF1CEA135594EA0C0F72
:1004F00095EA0C0F00F0DEF82C4481EA030621EAAD
:100500004C5123EA4C5350EA013518BF52EA0335E7
:1005100041F4801143F4801338D0A0FB02CE4FF099
:100520000005E1FB02E506F00042E0FB03E54FF0C9
:100530000006E1FB03569CF0000F18BF4EF0010EC1
:10054000A4F1FF04B6F5007F64F5407404D25FEABD
:100550004E0E6D4146EB060642EAC62141EA555170
:100560004FEAC52040EA5E504FEACE2EB4F1FD0CB2
:1005700088BFBCF5E06F1ED8BEF1004F08BF5FEA30
:10058000500E50F1000041EB045170BD06F00046E2
:1005900046EA010140EA020081EA0301B4EB5C048F
:1005A000C2BFD4EB0C0541EA045170BD41F4801187
:1005B0004FF0000E013C00F3AB8014F1360FDEBFAC
:1005C000002001F0004170BDC4F10004203C35DA88
:1005D0000C341BDC04F11404C4F1200500FA05F30B
:1005E00020FA04F001FA05F240EA020001F00042AC
:1005F00021F0004110EBD37021FA04F642EB060122
:100600005EEA430E08BF20EAD37070BDC4F10C044B
:10061000C4F1200500FA04F320FA05F001FA04F20F
:1006200040EA020001F0004110EBD37041F10001FB
:100630005EEA430E08BF20EAD37070BDC4F1200506
:1006400000FA05F24EEA020E20FA04F301FA05F26E
:1006500043EA020321FA04F001F0004121FA04F216
:1006600020EA020000EBD3705EEA430E08BF20EAE6
:10067000D37070BD94F0000F0FD101F00046400020
:1006800041EB010111F4801F08BF013CF7D041EAA2
:10069000060195F0000F18BF704703F000465200A6
:1006A00043EB030313F4801F08BF013DF7D043EA77
:1006B0000603704794EA0C0F0CEA135518BF95EA2D
:1006C0000C0F0CD050EA410618BF52EA4306D1D1B4
:1006D00081EA030101F000414FF0000070BD50EAD3
:1006E000410606BF1046194652EA430619D094EA5D
:1006F0000C0F02D150EA013613D195EA0C0F05D147
:1007000052EA03361CBF104619460AD181EA03019A
:1007100001F0004141F0FE4141F470014FF0000052
:1007200070BD41F0FE4141F4780170BD70B54FF0ED
:10073000FF0C4CF4E06C1CEA11541DBF1CEA13556D
:1007400094EA0C0F95EA0C0F00F0A7F8A4EB05044F
:1007500081EA030E52EA03354FEA013100F0888046
:100760004FEA03334FF0805545EA131343EA12630F
:100770004FEA022245EA111545EA10654FEA0026C4
:100780000EF000419D4208BF964244F1FD0404F57D
:10079000407402D25B084FEA3202B61A65EB0305D9
:1007A0005B084FEA32024FF480104FF4002CB6EB96
:1007B000020E75EB030E22BFB61A754640EA0C0016
:1007C0005B084FEA3202B6EB020E75EB030E22BF56
:1007D000B61A754640EA5C005B084FEA3202B6EB97
:1007E000020E75EB030E22BFB61A754640EA9C0056
:1007F0005B084FEA3202B6EB020E75EB030E22BF26
:10080000B61A754640EADC0055EA060E18D04FEAE3
:10081000051545EA16754FEA06164FEAC30343EA83
:1008200052734FEAC2025FEA1C1CC0D111F4801F50
:100830000BD141EA00014FF000004FF0004CB6E749
:1008400011F4801F04BF01430020B4F1FD0C88BFE8
:10085000BCF5E06F3FF6AFAEB5EB030C04BFB6EBF3
:10086000020C5FEA500C50F1000041EB045170BDE6
:100870000EF0004E4EEA113114EB5C04C2BFD4EB13
:100880000C0541EA045170BD41F480114FF0000E97
:10089000013C90E645EA060E8DE60CEA135594EA13
:1008A0000C0F08BF95EA0C0F3FF43BAF94EA0C0F16
:1008B0000AD150EA01347FF434AF95EA0C0F7FF48B
:1008C00025AF104619462CE795EA0C0F06D152EADF
:1008D00003353FF4FDAE1046194622E750EA4106C3
:1008E00018BF52EA43067FF4C5AE50EA41047FF4D4
:1008F0000DAF52EA43057FF4EBAE12E74FF0FF3C39
:1009000006E000BF4FF0010C02E000BF4FF0010C09
:100910004DF804CD4FEA410C7FEA6C5C4FEA430C82
:1009200018BF7FEA6C5C1BD001B050EA410C0CBFD1
:1009300052EA430C91EA030F02BF90EA020F002033
:10094000704710F1000F91EA030F58BF994208BF9A
:1009500090422CBFD8176FEAE37040F00100704757
:100960004FEA410C7FEA6C5C02D150EA013C07D1AE
:100970004FEA430C7FEA6C5CD6D152EA033CD3D0F9
:100980005DF8040B704700BF8446104662468C46F3
:100990001946634600E000BF01B5FFF7B7FF002826
:1009A00048BF10F1000F01BD4DF808EDFFF7F4FF4F
:1009B0000CBF012000205DF808FB00BF4DF808EDDA
:1009C000FFF7EAFF34BF012000205DF808FB00BFFD
:1009D0004DF808EDFFF7E0FF94BF012000205DF81F
:1009E00008FB00BF4DF808EDFFF7CEFF94BF0120D4
:1009F00000205DF808FB00BF4DF808EDFFF7C4FFCD
:100A000034BF012000205DF808FB00BF4FEA410C15
:100A10007FEA6C5C02D150EA013C0AD14FEA430CF8
:100A20007FEA6C5C02D152EA033C02D14FF0000035
:100A300070474FF0010070474FEA410212F5001273
:100A400015D211D56FF47873B3EB625212D94FEA15
:100A5000C12343F0004343EA505311F0004F23FAFF
:100A600002F018BF404270474FF00000704750EA54
:100A7000013005D111F0004008BF6FF00040704711
:100A80004FF00000704700BF80F0004002E000BF60
:100A900081F0004142001FBF5FEA410392EA030F69
:100AA0007FEA226C7FEA236C6AD04FEA1262D2EBB3
:100AB0001363C1BFD218414048404140B8BF5B42B8
:100AC000192B88BF704710F0004F40F4000020F051
:100AD0007F4018BF404211F0004F41F4000121F067
:100AE0007F4118BF494292EA030F3FD0A2F10102B1
:100AF00041FA03FC10EB0C00C3F1200301FA03F1EF
:100B000000F0004302D5494260EB4000B0F5000F11
:100B100013D3B0F1807F06D340084FEA310102F1D0
:100B20000102FE2A51D2B1F1004F40EBC25008BF82
:100B300020F0010040EA03007047490040EB00004C
:100B4000013A28BFB0F5000FEDD2B0FA80FCACF14D
:100B5000080CB2EB0C0200FA0CF0AABF00EBC2507A
:100B600052421843BCBFD0401843704792F0000F68
:100B700081F4000106BF80F400000132013BB5E7BB
:100B80004FEA41037FEA226C18BF7FEA236C21D031
:100B900092EA030F04D092F0000F08BF0846704796
:100BA00090EA010F1CBF0020704712F07F4F04D164
:100BB000400028BF40F00040704712F100723CBF77
:100BC00000F50000704700F0004343F0FE4040F4A1
:100BD000000070477FEA226216BF08467FEA23635F
:100BE0000146420206BF5FEA412390EA010F40F44A
:100BF000800070474FF0000304E000BF10F0004396
:100C000048BF40425FEA000C08BF704743F096437C
:100C100001464FF000001CE050EA010208BF704797
:100C20004FF000030AE000BF50EA010208BF70471E
:100C300011F0004302D5404261EB41015FEA010C33
:100C400002BF84460146002043F0B64308BFA3F12B
:100C50008053A3F50003BCFA8CF2083AA3EBC2530D
:100C600010DB01FA02FC634400FA02FCC2F120022C
:100C7000BCF1004F20FA02F243EB020008BF20F063
:100C80000100704702F1200201FA02FCC2F12002C9
:100C900050EA4C0021FA02F243EB020008BF20EABE
:100CA000DC7070474FF0FF0C1CEAD0521EBF1CEAEC
:100CB000D15392EA0C0F93EA0C0F6FD01A4480EADA
:100CC000010C400218BF5FEA41211ED04FF00063C3
:100CD00043EA501043EA5111A0FB01310CF00040EF
:100CE000B1F5000F3EBF490041EAD3715B0040EA15
:100CF000010062F17F02FD2A1DD8B3F1004F40EBE5
:100D0000C25008BF20F00100704790F0000F0CF0B7
:100D1000004C08BF49024CEA502040EA51207F3A7B
:100D2000C2BFD2F1FF0340EAC250704740F4000056
:100D30004FF00003013A5DDC12F1190FDCBF00F047
:100D400000407047C2F10002410021FA02F1C2F1F5
:100D5000200200FA02FC5FEA310040F1000053EA91
:100D60004C0308BF20EADC70704792F0000F00F0DF
:100D7000004C02BF400010F4000F013AF9D040EAE5
:100D80000C0093F0000F01F0004C02BF490011F479
:100D9000000F013BF9D041EA0C018FE70CEAD15377
:100DA00092EA0C0F18BF93EA0C0F0AD030F0004CF7
:100DB00018BF31F0004CD8D180EA010000F00040AB
:100DC000704790F0000F17BF90F0004F084691F069
:100DD000000F91F0004F14D092EA0C0F01D14202A3
:100DE0000FD193EA0C0F03D14B0218BF084608D16C
:100DF00080EA010000F0004040F0FE4040F40000B6
:100E0000704740F0FE4040F4400070474FF0FF0C48
:100E10001CEAD0521EBF1CEAD15392EA0C0F93EA8F
:100E20000C0F69D0A2EB030280EA010C49024FEAE1
:100E3000402037D04FF0805343EA111143EA10139A
:100E40000CF000408B4238BF5B0042F17D024FF452
:100E5000000C8B4224BF5B1A40EA0C00B3EB510F2D
:100E600024BFA3EB510340EA5C00B3EB910F24BF16
:100E7000A3EB910340EA9C00B3EBD10F24BFA3EB9B
:100E8000D10340EADC001B0118BF5FEA1C1CE0D163
:100E9000FD2A3FF650AF8B4240EBC25008BF20F016
:100EA000010070470CF0004C4CEA50207F32C2BF6A
:100EB000D2F1FF0340EAC250704740F400004FF007
:100EC0000003013A37E792F0000F00F0004C02BF38
:100ED000400010F4000F013AF9D040EA0C0093F002
:100EE000000F01F0004C02BF490011F4000F013B5C
:100EF000F9D041EA0C0195E70CEAD15392EA0C0FC4
:100F000008D142027FF47DAF93EA0C0F7FF470AFFB
:100F1000084676E793EA0C0F04D14B023FF44CAF3E
:100F200008466EE730F0004C18BF31F0004CCAD1D3
:100F300030F000427FF45CAF31F000437FF43CAF0F
:100F40005FE700BF4FF0FF3C06E000BF4FF0010C31
:100F500002E000BF4FF0010C4DF804CD4FEA400213
:100F60004FEA41037FEA226C18BF7FEA236C11D05D
:100F700001B052EA530C18BF90EA010F58BFB2EB10
:100F8000030088BFC81738BF6FEAE17018BF40F090
:100F9000010070477FEA226C02D15FEA402C05D144
:100FA0007FEA236CE4D15FEA412CE1D05DF8040BC9
:100FB000704700BF844608466146FFE70FB5FFF75C
:100FC000C9FF002848BF10F1000F0FBD4DF808ED14
:100FD000FFF7F4FF0CBF012000205DF808FB00BF05
:100FE0004DF808EDFFF7EAFF34BF012000205DF85F
:100FF00008FB00BF4DF808EDFFF7E0FF94BF0120AC
:1010000000205DF808FB00BF4DF808EDFFF7D2FFA8
:1010100094BF012000205DF808FB00BF4DF808EDEB
:10102000FFF7C8FF34BF012000205DF808FB00BFB8
:101030004FEA40024FEA41037FEA226C02D15FEAA5
:10104000402C08D17FEA236C02D15FEA412C02D107
:101050004FF0000070474FF0010070474FEA400228
:10106000B2F1FE4F0FD34FF09E03B3EB12620DD9D6
:101070004FEA002343F0004310F0004F23FA02F040
:1010800018BF404270474FF00000704712F1610FE7
:1010900001D1420205D110F0004008BF6FF00040BE
:1010A00070474FF00000704780B586B002AF03462E
:1010B000FB71FB7943F00803DBB2FB7307F10F020E
:1010C0004FF0FF33009301234E21154802F096FAAA
:1010D000FB7B43F00403DBB2FB7307F10F024FF01D
:1010E000FF33009301234E210D4802F087FA0120BF
:1010F00001F096F9FB7B23F00403DBB2FB7307F1ED
:101100000F024FF0FF33009301234E21044802F0F9
:1011100075FA012001F084F900BF1037BD4680BD8B
:101120002802002080B582B000AF0346FB71FB7936
:1011300023F00F03DBB21846FFF7B6FFFB791B0164
:10114000DBB21846FFF7B0FF00BF0837BD4680BDD1
:1011500080B582B000AF0346FB7197F9073023F0EA
:101160000F035BB243F001035BB2DBB21846FFF73B
:101170009BFF97F907301B015BB243F001035BB2A1
:10118000DBB21846FFF790FF00BF0837BD4680BDB1
:1011900080B500AF0120FFF7C5FF022001F040F944
:1011A00000BF80BD80B584B000AF03460A46FB7126
:1011B0001346BB71FB79002B03D1BB79803BFB73DA
:1011C00002E0BB79403BFB73FB7B1846FFF7AAFFAD
:1011D00000BF1037BD4680BD80B582B000AF7860DB
:1011E00006E07B685A1C7A601B781846FFF7B0FF50
:1011F0007B681B78002BF4D100BF00BF0837BD46C9
:1012000080BD80B500AF322001F00AF93020FFF731
:101210004BFF052001F004F93020FFF745FF0520C2
:1012200001F0FEF83020FFF73FFF052001F0F8F84D
:101230002020FFF739FF052001F0F2F82820FFF702
:1012400071FF0C20FFF76EFF0620FFF76BFF0120F8
:10125000FFF768FF052001F0E3F800BF80BD000044
:1012600080B586B000AF4FF000037B614FF0000304
:101270003B61334801F0D0F90023FB6044E0642176
:101280002F4801F0A3FA0346002B37D12C4801F078
:10129000A3FBB86064212A4801F098FA0346002BAA
:1012A0002ED1274801F098FB7860B868FFF7A2FCC0
:1012B000034624491846FFF7F5FC03462249184621
:1012C000FFF7A4FD034619467869FFF7E3FB0346E1
:1012D0007B617868FFF78EFC03461A491846FFF7D2
:1012E000E1FC034618491846FFF790FD03461946EE
:1012F0003869FFF7CFFB03463B6102E000BF00E027
:1013000000BFFB680133FB60FB68B3F57A7FB6D39F
:101310000B4801F02FFA0D497869FFF777FD034676
:101320001A460B4B1A6009493869FFF76FFD0346EF
:101330001A46084B1A6000BF1837BD4680BD00BF73
:10134000F80100203333534000F07F4500007A4419
:10135000000000200400002090B593B000AF4FF0D3
:1013600000037B644FF000033B644FF00003FB631A
:101370004FF00003BB634FF000037B6300233B632C
:10138000834801F049F90023FB6279E06421804839
:1013900001F01CFA0346002B6CD17D4801F01CFBC8
:1013A000386164217A4801F011FA0346002B63D1B9
:1013B000774801F011FBF8603869FFF71BFC034622
:1013C00074491846FFF76EFC034673491846FFF749
:1013D0001DFD03461A46714B1B6819461046FFF760
:1013E00057FB03466E491846FFF75CFC0346BB609B
:1013F000F868FFF7FFFB034666491846FFF752FC03
:10140000034665491846FFF701FD03461A46654B3A
:101410001B6819461046FFF73BFB03466249184616
:10142000FFF7F4FC03467B60B968786CFFF732FB8A
:1014300003467B647968386CFFF72CFB03463B64FA
:10144000B968B868FFF72EFC03461946F86BFFF73A
:1014500021FB0346FB6379687868FFF723FC0346AA
:101460001946B86BFFF716FB0346BB633B6B0133B2
:101470003B6302E000BF00E000BFFB6A0133FB6298
:10148000FB6AB3F5FA6F81D3414801F073F93B6B06
:10149000002B14D1454B4FF000021A60444B4FF023
:1014A00000021A60434B4FF000021A60424B4FF0AB
:1014B00000021A60414B4FF000021A605EE1386B87
:1014C000FFF798FB03461946786CFFF79FFC03462D
:1014D000BB61386BFFF78EFB03461946386CFFF78C
:1014E00095FC03467B61386BFFF784FB0346194686
:1014F000F86BFFF78BFC03461C46B969B869FFF728
:10150000D1FB034619462046FFF7C2FA0346BB62E9
:10151000386BFFF76FFB03461946B86BFFF776FC95
:1015200003461C4679697869FFF7BCFB03461946F8
:101530002046FFF7ADFA03467B624FF00001B86A20
:10154000FFF74EFD0346002B02D04FF00003BB62B5
:101550004FF00001786AFFF743FD0346002B02D0ED
:101560004FF000037B62B86A05F08EFF03460F4A16
:101570001360786A05F088FF03460D4A136004483B
:1015800001F04AF800233B620023FB6186E000BFC4
:10159000F80100203333534000F07F450000002065
:1015A0000060EB4404000020CDCCCC3D9402002030
:1015B000980200209C020020A0020020A40200202B
:1015C0006421704801F002F90346002B60D16D4898
:1015D00001F002FA386164216A4801F0F7F8034625
:1015E000002B57D1674801F0F7F9F8603869FFF729
:1015F00001FB034664491846FFF754FB0346634961
:101600001846FFF703FC03461A46614B1B68194650
:101610001046FFF73DFA03465E491846FFF742FBC6
:101620000346BB60F868FFF7E5FA034656491846DB
:10163000FFF738FB034655491846FFF7E7FB03461B
:101640001A46554B1B6819461046FFF721FA034608
:1016500052491846FFF7DAFB03467B60B969B86860
:10166000FFF716FA03461C4679697868FFF710FA07
:10167000034619462046FFF715FB03461946786BCB
:10168000FFF708FA03467B633B6A01333B6202E0E3
:1016900000BF00E000BFFB690133FB61FB69B3F5EC
:1016A000FA6F8DD3374801F065F83B6A002B0CD0F8
:1016B000386AFFF79FFA03461946786BFFF7A6FBD7
:1016C00003461A46364B1A6003E0354B4FF00002D2
:1016D0001A60334B1B684FF000011846FFF780FC7F
:1016E0000346002B05D02E4B1B6883F000432C4A89
:1016F00013602C4B1B682C4A126811461846FFF7E2
:10170000D1FA03461A46294B1A60284B1B684FF042
:101710007E511846FFF782FC0346002B2AD0204B4F
:101720001B6823F00043214A126811461846FFF750
:101730006DFB03461A461E4B1A601D4B1B684FF08B
:101740007E511846FFF76AFC0346002B03D0184B66
:101750004FF07E521A60164B1B684FF0000118467E
:10176000FFF73EFC0346002B08D0114B4FF0000260
:101770001A6003E00E4B4FF000021A604C37BD4672
:1017800090BD00BFF80100203333534000F07F4587
:10179000000000200060EB4404000020CDCCCC3DD4
:1017A0009C0200209402002098020020A002002049
:1017B000A402002080B582B000AF0346FB71FB7924
:1017C00003F00103002B0CBF01230023DBB21A46F8
:1017D0000821184801F0B6FDFB7903F00203002B45
:1017E0000CBF01230023DBB21A461021114801F07F
:1017F000A9FDFB7903F00403002B0CBF0123002398
:10180000DBB21A4620210B4801F09CFDFB7903F066
:101810000803002B0CBF01230023DBB21A46402132
:10182000044801F08FFD044AFB79137000BF0837AC
:10183000BD4680BD00080140A802002080B584B0EC
:1018400000AF0346FB714FF00003FB60FB7903F030
:101850000103002B05D01649F868FFF71BF9034672
:10186000FB60FB7903F00203002B05D01149F868F7
:10187000FFF710F90346FB60FB7903F00403002B2C
:1018800005D00D49F868FFF705F90346FB60FB79C1
:1018900003F00803002B05D00849F868FFF7FAF8B1
:1018A0000346FB60FB6818461037BD4680BD00BF8D
:1018B000000020400000C040000020410000A04186
:1018C00090B58BB000AF534B1B6853491846FFF7D8
:1018D00087FB0346002B02D04FF0000395E04F4BEF
:1018E0001B684F491846FFF77BFB0346002B02D0CD
:1018F0004FF0000389E04B4B1B684B491846FFF73C
:1019000083FB0346002B02D04FF000037DE0474BE2
:101910001B687B62464B1B6823F000433B62396ABD
:10192000786AFFF767FB0346002B02D04FF00003F5
:101930006BE0796A786AFFF7B5F903461C46396AA5
:10194000386AFFF7AFF9034619462046FFF7A0F8BB
:101950000346FB614FF00001F869FFF74BFB0346BC
:10196000002B02D04FF000034FE0F86905F08CFD2A
:10197000B861304B7B61786905F0A4FD03461946D8
:10198000386AFFF78FF903463B613969B869FFF799
:101990007FF80346FB604FF00001F868FFF72AFB71
:1019A0000346002B02D04FF000032EE0194B1B68BA
:1019B000184A126811461846FFF774F9034619468B
:1019C0001846FFF767F803461B491846FFF76AF900
:1019D00003461A491846FFF765F90346BB604FF006
:1019E0000001B868FFF706FB0346002B02D04FF05A
:1019F00000030AE0B968F868FFF708FA03467B605D
:101A00000F497868FFF74EF9034618462C37BD4654
:101A100090BD00BF940200200000C8429802002040
:101A2000CDCC4C3DA40200203333733FA0020020F4
:101A30009C0200204997A23EDB0F4940000048422B
:101A40000024744980B588B000AF78600023FB772C
:101A5000134BBB610023FB751AE0FB7D1846FFF7B3
:101A6000EDFE386179683869FFF712F8034623F014
:101A70000043FB60B969F868FFF7B2FA0346002B30
:101A800003D0FB68BB61FB7DFB77FB7D0133FB75FE
:101A9000FB7D0F2BE1D9FB7F18462037BD4680BD6B
:101AA000F023744980B582B000AF304B1B683049D9
:101AB0001846FFF795FA0346002B11D12D4B1B68F2
:101AC0002D491846FFF78CFA0346002B08D12B4B03
:101AD0001B682B491846FFF783FA0346002B07D0F3
:101AE000284B1B78002B37D00020FFF763FE33E034
:101AF000254B1B6825491846FFF786FA0346002B3D
:101B000007D0204B1B78002B28D00020FFF752FE77
:101B100024E01D4B1B681E491846FFF775FA034663
:101B2000002B1DD1FFF7CCFE78604FF000017868E4
:101B3000FFF760FA0346002B14D17868FFF782FFA5
:101B40000346FB700F4B1B78FA789A420BD0FB7858
:101B50001846FFF72FFE06E000BF04E000BF02E0DA
:101B600000BF00E000BF0837BD4680BD94020020E2
:101B70000000C84298020020CDCC4C3DA0020020BD
:101B800000002041A8020020A40200203333733F4C
:101B90009A99593F80B584B000AF00F0DFFB00F0A8
:101BA000E3F800F0BBF900F03BF900F089F95F4879
:101BB00001F0B2F80346002B01D000F003FAFFF762
:101BC00020FBFFF7E5FA00210020FFF7EBFA584869
:101BD000FFF702FB00210120FFF7E4FA5548FFF769
:101BE000FBFA40F2DC5000F01BFC0020FFF7E2FDA6
:101BF000FFF7CEFA00210020FFF7D4FA4E48FFF796
:101C0000EBFA00210120FFF7CDFA4C48FFF7E4FA88
:101C100040F2DC5000F004FCFFF722FBFFF7B8FABB
:101C200000210020FFF7BEFA4548FFF7D5FA4FF430
:101C30007A7000F0F5FB0023FB600023BB600023FB
:101C4000FB71FFF789FB00F0E1FB0246FB68D31A4A
:101C500041F28732934204D900F0D8FBF860FFF7D5
:101C600021FF00F0D3FB0246BB68D31AB3F5FA6F2D
:101C700057D300F0CBFBB860FFF78AFAFB79002B53
:101C800024D1304B1B681846FEF7CEFB02460B46AC
:101C90002D492E4803F0ACFA00210020FFF782FA0C
:101CA0002A48FFF799FA2A4B1B681846FEF7BCFB37
:101CB00002460B462749254803F09AFA00210120E5
:101CC000FFF770FA2148FFF787FA23E0224B1B68E1
:101CD0001846FEF7A9FB02460B4620491B4803F0B5
:101CE00087FA00210020FFF75DFA1848FFF774FA21
:101CF0001B4B1B681846FEF797FB02460B4619491B
:101D0000124803F075FA00210120FFF74BFA0F4843
:101D1000FFF762FAFB79002B0CBF01230023DBB233
:101D2000FB710A2000F07CFB8BE700BFF80100206C
:101D3000108400081C8400082884000838840008E7
:101D40004484000894020020548400087C0200208F
:101D500098020020608400089C0200206C84000827
:101D6000A40200207884000880B594B000AF07F189
:101D7000280328220021184603F0A0FA07F11403D3
:101D800000221A605A609A60DA601A613B1D0022D4
:101D90001A605A609A60DA600123BB624FF48033A4
:101DA000FB6200233B630123BB6302237B644FF48C
:101DB0008033BB644FF4E013FB6407F1280318463B
:101DC00001F074FF0346002B01D000F0FBF80F2355
:101DD0007B610223BB610023FB614FF480633B62A4
:101DE00000237B6207F114030221184602F0E0F998
:101DF0000346002B01D000F0E5F802237B604FF48E
:101E00000043FB603B1D184602F060FB0346002BBD
:101E100001D000F0D7F800BF5037BD4680BD0000AC
:101E200080B584B000AF3B1D00221A605A609A60F2
:101E3000214B224A1A60204B4FF480729A601E4B4D
:101E400001221A731C4B00221A751B4B4FF460229F
:101E5000DA61194B00225A60174B02221A611648A8
:101E600000F002FB0346002B01D000F0ABF800238A
:101E70007B600123BB600523FB603B1D19460E48B8
:101E800000F0B6FD0346002B01D000F09BF80123C3
:101E90007B600223BB600523FB603B1D194606489F
:101EA00000F0A6FD0346002B01D000F08BF800BF28
:101EB0001037BD4680BD00BFF8010020002401405E
:101EC00080B500AF124B134A1A60114B124A5A6088
:101ED0000F4B00229A600E4B0022DA600C4B4FF43D
:101EE00080421A610A4B00225A61094B00229A6112
:101EF000074B0022DA61064B00221A62044801F007
:101F000039FA0346002B01D000F05CF800BF80BD19
:101F10002802002000540040A086010080B588B04F
:101F200000AF07F1100300221A605A609A60DA606D
:101F3000224B9B69214A43F0040393611F4B9B6929
:101F400003F00403FB60FB681C4B9B691B4A43F0D6
:101F500008039361194B9B6903F00803BB60BB68DE
:101F6000164B9B69154A43F020039361134B9B6901
:101F700003F020037B607B6803233B6103237B61C9
:101F800007F1100319460E4801F058F878233B6119
:101F900001237B610023BB610223FB6107F1100376
:101FA0001946074801F04AF801227821044801F057
:101FB000C9F900BF2037BD4680BD00BF00100240F8
:101FC0000008014080B400AF72B600BF00BFFDE75B
:101FD00080B485B000AF154B9B69144A43F00103F0
:101FE0009361124B9B6903F00103BB60BB680F4B0D
:101FF000DB690E4A43F08053D3610C4BDB6903F07D
:1020000080537B607B680A4B5B68FB60FB6823F056
:10201000E063FB60FB6843F08063FB60044AFB689D
:10202000536000BF1437BD4680BC704700100240AB
:102030000000014080B588B000AF786007F1100360
:1020400000221A605A609A60DA607B681B68144A42
:10205000934221D1134B9B69124A43F4007393615D
:10206000104B9B6903F40073FB60FB680D4B9B698D
:102070000C4A43F0040393610A4B9B6903F0040389
:10208000BB60BB6803233B6103237B6107F1100343
:102090001946054800F0D2FF00BF2037BD4680BD7D
:1020A00000240140001002400008014080B588B0C3
:1020B00000AF786007F1100300221A605A609A603E
:1020C000DA607B681B68154A934223D1144B9B69E5
:1020D000134A43F008039361114B9B6903F0080313
:1020E000FB60FB68C0233B6112237B610323FB6120
:1020F00007F1100319460B4800F0A0FF084BDB69FD
:10210000074A43F40013D361054BDB6903F4001362
:10211000BB60BB6800BF2037BD4680BD0054004097
:1021200000100240000C014080B400AF00BFFDE78A
:1021300080B400AF00BFFDE780B400AF00BFFDE793
:1021400080B400AF00BFFDE780B400AF00BFFDE783
:1021500080B400AF00BFBD4680BC704780B400AF04
:1021600000BFBD4680BC704780B400AF00BFBD4615
:1021700080BC704780B500AF00F036F900BF80BD6D
:1021800080B400AF01231846BD4680BC704780B5BF
:1021900082B000AF7860396003F0E2F8034616229F
:1021A0001A604FF0FF3318460837BD4680BD80B532
:1021B00082B000AF78604FF0FF317868FFF7E7FF3B
:1021C00000BFFDE780B586B000AFF860B9607A6007
:1021D00000237B610AE0AFF300800146BB685A1C14
:1021E000BA60CAB21A707B6901337B617A697B6815
:1021F0009A42F0DB7B6818461837BD4680BD80B533
:1022000086B000AFF860B9607A6000237B6109E0B6
:10221000BB685A1CBA601B781846AFF300807B6914
:1022200001337B617A697B689A42F1DB7B681846EF
:102230001837BD4680BD80B483B000AF78604FF0E2
:10224000FF3318460C37BD4680BC704780B483B05E
:1022500000AF786039603B684FF400525A60002349
:1022600018460C37BD4680BC704780B483B000AFC1
:102270007860012318460C37BD4680BC704780B497
:1022800085B000AFF860B9607A6000231846143753
:10229000BD4680BC7047000080B586B000AF786056
:1022A000144A154BD31A7B617B693B61134B1B6846
:1022B000002B02D1114B124A1A60104B1A687B682E
:1022C00013443A699A4207D203F04AF803460C22B3
:1022D0001A604FF0FF3309E0084B1B68FB60074BA7
:1022E0001A687B681344054A1360FB681846183760
:1022F000BD4680BD0050002000040000AC0200205C
:102300000004002080B400AF00BFBD4680BC704711
:10231000FFF7F8FF0B480C490C4A002302E0D458A1
:10232000C4500433C4188C42F9D3094A094C002321
:1023300001E013600432A242FBD303F017F8FFF769
:1023400029FC704700000020DC0100201C8C0008E4
:10235000DC01002000040020FEE7000080B500AF93
:10236000084B1B68074A43F010031360032000F07A
:1023700031FE0F2000F008F8FFF72AFE0023184670
:1023800080BD00BF0020024080B582B000AF786001
:10239000124B1A68124B1B7819464FF47A73B3FB31
:1023A000F1F3B2FBF3F3184600F03BFE0346002BBB
:1023B00001D001230EE07B680F2B0AD80022796838
:1023C0004FF0FF3000F011FE064A7B6813600023D7
:1023D00000E0012318460837BD4680BD08000020F4
:1023E000100000200C00002080B400AF054B1B78CB
:1023F0001A46054B1B681344034A136000BFBD46D1
:1024000080BC704710000020B002002080B400AFF4
:10241000024B1B681846BD4680BC7047B0020020C6
:1024200080B584B000AF7860FFF7F0FFB8607B68DC
:10243000FB60FB68B3F1FF3F05D00A4B1B781A46DF
:10244000FB681344FB6000BFFFF7E0FF0246BB6878
:10245000D31AFA689A42F7D800BF00BF1037BD46BA
:1024600080BD00BF1000002080B586B000AF78604E
:102470000023FB7500233B610023BB600023FB604E
:102480007B68002B01D10123BEE07B689B68002B99
:102490007B689B6A002B09D17B680022DA627B682B
:1024A000002283F824207868FFF7C4FD786800F0E4
:1024B000F1FB0346FB757B689B6A03F01003002B5E
:1024C00040F09980FB7D002B40F095807B689B6AF3
:1024D00023F4885323F0020343F002027B689A62DC
:1024E0007B685A687B68DB691A437B681B7B5B00EF
:1024F0001343BA681343BB607B689B68B3F5807F66
:1025000003D07B689B68012B02D14FF4807300E0FD
:1025100000233A6913433B617B681B7D012B19D172
:102520007B681B7B002B09D17B689B69013B5A03AD
:102530003B69134343F400633B610BE07B689B6A98
:1025400043F020027B689A627B68DB6A43F00102F9
:102550007B68DA627B681B685B6823F469417B688F
:102560001B683A690A435A607B681B689A68284B63
:1025700013407A681268B9680B4393607B689B6864
:10258000B3F5807F03D07B689B68012B04D17B6807
:102590001B69013B1B05FB607B681B68DB6A23F43E
:1025A00070017B681B68FA680A43DA627B681B6803
:1025B0009A68184B1340BA689A420BD17B68002284
:1025C000DA627B689B6A23F0030343F001027B68B5
:1025D0009A6218E07B689B6A23F0120343F01002B2
:1025E0007B689A627B68DB6A43F001027B68DA628F
:1025F0000123FB7507E07B689B6A43F010027B6850
:102600009A620123FB75FB7D18461837BD4680BDD5
:10261000FDF7E1FFFE0E1FFF80B584B000AF7860CC
:102620000023FB737B6893F82430012B01D1022334
:1026300098E07B68012283F82420786800F0D0FAC3
:102640000346FB73FB7B002B40F087807B689B6A13
:1026500023F4407323F0010343F480727B689A6291
:102660007B681B68414A934205D1414B5B6803F488
:102670007023002B15D17B689B6A23F480127B6842
:102680009A627B681B685B6803F48063002B26D02A
:102690007B689B6A23F4405343F480527B689A62C0
:1026A0001DE07B689B6A43F480127B689A627B68BA
:1026B0001B682F4A934204D07B681B682B4A9342C5
:1026C0000DD12B4B5B6803F48063002B07D07B6834
:1026D0009B6A23F4405343F480527B689A627B6880
:1026E0009B6A03F48053002B06D07B68DB6A23F0DF
:1026F00006027B68DA6202E07B680022DA627B68AD
:10270000002283F824207B681B686FF002021A60A5
:102710007B681B689B6803F46023B3F5602F13D1BB
:102720007B681B68114A934205D1114B5B6803F427
:102730007023002B08D17B681B689A687B681B6834
:1027400042F4A0029A600CE07B681B689A687B6880
:102750001B6842F480129A6003E07B68002283F8D1
:102760002420FB7B18461037BD4680BD0028014061
:102770000024014080B584B000AF78600023FB7373
:102780007B6893F82430012B01D102231AE07B6887
:10279000012283F82420786800F07CFA0346FB735A
:1027A000FB7B002B09D17B689B6A23F4885323F0C1
:1027B000010343F001027B689A627B68002283F880
:1027C0002420FB7B18461037BD4680BD90B587B0EE
:1027D00000AF7860396000237B610023FB60002339
:1027E0003B61FFF713FE78617B681B689B6803F40D
:1027F0008073002B0BD07B689B6A43F020027B68C0
:102800009A627B68002283F824200123D3E07B684E
:102810001B685B6803F48073002B31D17B681B68F5
:10282000DB6A03F47003002B2AD121E03B68B3F18B
:10283000FF3F1DD03B68002B07D0FFF7E7FD0246A6
:102840007B69D31A3A689A4212D27B681B681B686C
:1028500003F00203002B0BD17B689B6A43F0040258
:102860007B689A627B68002283F824200323A2E01D
:102870007B681B681B6803F00203002BD6D070E056
:102880004F4B1C68022001F0D7FE0346B4FBF3F265
:102890007B681B6819694B4B0B40002B18D17B6878
:1028A0001B68D968484B0B40002B11D17B681B6813
:1028B0001969464B0B40002B08D17B681B68D9680F
:1028C000434B0B40002B01D1142320E029231EE0B1
:1028D0007B681B6819693D4B0B40002B06D17B6858
:1028E0001B68D9683A4B0B40002B0DD07B681B68E6
:1028F0001969384B0B40002B08D17B681B68D968DD
:10290000344B0B40002B01D1542300E0FC2302FB8D
:1029100003F33B6121E03B68B3F1FF3F1AD03B6812
:10292000002B07D0FFF772FD02467B69D31A3A6885
:102930009A420FD2FB683A699A420BD97B689B6A2C
:1029400043F004027B689A627B68002283F82420AB
:10295000032330E0FB680133FB60FB683A699A426D
:10296000D9D87B681B686FF012021A607B689B6A7B
:1029700043F400727B689A627B681B689B6803F46F
:102980006023B3F5602F15D17B681B7B002B11D121
:102990007B689B6A23F480727B689A627B689B6A7F
:1029A00003F48053002B05D17B689B6A43F001023E
:1029B0007B689A62002318461C37BD4690BD00BF55
:1029C00008000020244992242449920092244912AC
:1029D000922449004992240080B483B000AF78600B
:1029E0007B681B68DB6C18460C37BD4680BC7047A3
:1029F00080B485B000AF786039600023FB7300239A
:102A0000BB607B6893F82430012B01D10223DCE00A
:102A10007B68012283F824203B685B68062B1CD866
:102A20007B681B68596B3B685A6813469B001344CC
:102A3000053B1F2202FA03F3DB4319403B68186889
:102A40003B685A6813469B001344053B00FA03F2A7
:102A50007B681B680A435A633CE03B685B680C2B4D
:102A60001CD87B681B68196B3B685A6813469B002F
:102A70001344233B1F2202FA03F3DB4319403B6854
:102A800018683B685A6813469B001344233B00FABE
:102A900003F27B681B680A431A631BE07B681B68B0
:102AA000D96A3B685A6813469B001344413B1F2276
:102AB00002FA03F3DB4319403B6818683B685A6825
:102AC00013469B001344413B00FA03F27B681B68EA
:102AD0000A43DA623B681B68092B1CD97B681B68B8
:102AE000D9683B681A6813465B0013441E3B0722F3
:102AF00002FA03F3DB4319403B6898683B681A68A5
:102B000013465B0013441E3B00FA03F27B681B680C
:102B10000A43DA6019E07B681B6819693B681A6828
:102B200013465B001344072202FA03F3DB43194008
:102B30003B6898683B681A6813465B00134400FAC8
:102B400003F27B681B680A431A613B681B68102B01
:102B500003D03B681B68112B32D17B681B681D4A70
:102B6000934225D17B681B689B6803F40003002B0C
:102B700026D17B681B689A687B681B6842F4000258
:102B80009A603B681B68102B1AD1134B1B68134AC1
:102B9000A2FB03239A0C13469B0013445B00BB600B
:102BA00002E0BB68013BBB60BB68002BF9D107E0CA
:102BB0007B689B6A43F020027B689A620123FB7367
:102BC0007B68002283F82420FB7B18461437BD461F
:102BD00080BC7047002401400800002083DE1B43B6
:102BE00080B584B000AF78600023FB600023BB6039
:102BF0007B681B689B6803F00103012B40D07B6856
:102C00001B689A687B681B6842F001029A601F4B40
:102C10001B681F4AA2FB03239B0CBB6002E0BB683E
:102C2000013BBB60BB68002BF9D1FFF7EFFBF860FD
:102C30001FE0FFF7EBFB0246FB68D31A022B18D903
:102C40007B681B689B6803F00103012B11D07B6834
:102C50009B6A43F010027B689A627B68DB6A43F0F0
:102C600001027B68DA627B68002283F8242001235A
:102C700007E07B681B689B6803F00103012BD8D138
:102C8000002318461037BD4680BD00BF0800002055
:102C900083DE1B4380B584B000AF78600023FB6007
:102CA0007B681B689B6803F00103012B2ED17B68B6
:102CB0001B689A687B681B6822F001029A60FFF724
:102CC000A5FBF8601BE0FFF7A1FB0246FB68D31AE7
:102CD000022B14D97B681B689B6803F00103012B4E
:102CE0000DD17B689B6A43F010027B689A627B6817
:102CF000DB6A43F001027B68DA62012307E07B684C
:102D00001B689B6803F00103012BDCD000231846ED
:102D10001037BD4680BD000090B587B000AF786029
:102D20000023FB750023FB607B6893F82430012BA4
:102D300001D1022397E07B68012283F82420786880
:102D4000FFF7A8FF0346FB757868FFF749FF0346C6
:102D5000FB75FB7D002B40F081807B689B6A23F430
:102D6000885323F0020343F002027B689A62404BCF
:102D70001C68022001F060FC0346B4FBF3F35B0027
:102D8000FB6002E0FB68013BFB60FB68002BF9D1B4
:102D90007B681B689A687B681B6842F008029A602F
:102DA000FFF734FB38611BE0FFF730FB02463B695D
:102DB000D31A0A2B14D97B681B689B6803F008039D
:102DC000002B0DD07B689B6A23F0120343F01002A6
:102DD0007B689A627B68002283F82420012342E00A
:102DE0007B681B689B6803F00803002BDCD17B68C1
:102DF0001B689A687B681B6842F004029A60FFF7C0
:102E000005FB38611BE0FFF701FB02463B69D31A63
:102E10000A2B14D97B681B689B6803F00403002B02
:102E20000DD07B689B6A23F0120343F010027B688D
:102E30009A627B68002283F82420012313E07B68D8
:102E40001B689B6803F00403002BDCD17B689B6A42
:102E500023F0030343F001027B689A627B6800223F
:102E600083F82420FB7D18461C37BD4690BD00BF6B
:102E70000800002080B485B000AF78607B6803F064
:102E80000703FB600C4BDB68BB60BA684FF6FF03BF
:102E90001340BB60FB681A02BB68134343F0BF6377
:102EA00043F40033BB60044ABB68D36000BF1437EF
:102EB000BD4680BC704700BF00ED00E080B400AFAD
:102EC000044BDB681B0A03F007031846BD4680BCB1
:102ED000704700BF00ED00E080B483B000AF034650
:102EE0003960FB7197F90730002B0ADB3B68DAB2D7
:102EF0000C4997F907301201D2B20B4483F8002332
:102F00000AE03B68DAB20849FB7903F00F03043B9F
:102F10001201D2B20B441A7600BF0C37BD4680BCFA
:102F2000704700BF00E100E000ED00E080B489B030
:102F300000AFF860B9607A60FB6803F00703FB61DB
:102F4000FB69C3F10703042B28BF0423BB61FB69A2
:102F50000433062B02D9FB69033B00E000237B61AD
:102F60004FF0FF32BB6902FA03F3DA43BB681A4041
:102F70007B699A404FF0FF317B6901FA03F3D94333
:102F80007B680B40134318462437BD4680BC70470E
:102F900080B582B000AF78607B68013BB3F1807F81
:102FA00001D301230FE00A4A7B68013B53600F21E4
:102FB0004FF0FF30FFF790FF054B00229A60044B63
:102FC00007221A60002318460837BD4680BD00BF9F
:102FD00010E000E080B582B000AF78607868FFF75D
:102FE00049FF00BF0837BD4680BD80B586B000AF41
:102FF0000346B9607A60FB7300237B61FFF75EFFD5
:1030000078617A68B9687869FFF790FF024697F9A6
:103010000F3011461846FFF75FFF00BF1837BD4657
:1030200080BD80B582B000AF78607868FFF7B0FFF0
:10303000034618460837BD4680BD000080B48BB0FB
:1030400000AF7860396000237B6200233B6269E156
:1030500001227B6A02FA03F3FB613B681B68FA6991
:103060001340BB61BA69FB699A4240F058813B68E2
:103070005B689A4A93425ED0984A934275D8984AC0
:10308000934258D0964A93426FD8964A934252D070
:10309000944A934269D8944A93424CD0924A9342BC
:1030A00063D8924A934246D0904A93425DD8122BFD
:1030B0002AD8122B59D801A252F823F03731000830
:1030C0001131000823310008653100086B31000818
:1030D0006B3100086B3100086B3100086B31000860
:1030E0006B3100086B3100086B3100086B31000850
:1030F0006B3100086B3100086B3100086B31000840
:10310000193100082D310008794A934213D02CE080
:103110003B68DB683B6229E03B68DB6804333B6269
:1031200024E03B68DB6808333B621FE03B68DB68F8
:103130000C333B621AE03B689B68002B02D10423EE
:103140003B6213E03B689B68012B05D108233B627F
:103150007B68FA691A6109E008233B627B68FA69B7
:103160005A6103E000233B6200E000BFBB69FF2B14
:1031700001D87B6801E07B6804337B61BB69FF2B6E
:1031800002D87B6A9B0002E07B6A083B9B003B61A4
:103190007B691A680F213B6901FA03F3DB431A408C
:1031A000396A3B6901FA03F31A437B691A603B6889
:1031B0005B6803F08053002B00F0B1804D4B9B699E
:1031C0004C4A43F0010393614A4B9B6903F00103AE
:1031D000BB60BB68484A7B6A9B08023352F82330C5
:1031E000FB607B6A03F003039B000F2202FA03F3E8
:1031F000DB43FA681340FB607B68404A934213D07C
:103200007B683F4A93420DD07B683E4A934207D089
:103210007B683D4A934201D1032306E0042304E086
:10322000022302E0012300E000237A6A02F0030295
:1032300092009340FA681343FB602F497B6A9B0816
:103240000233FA6841F823203B685B6803F480137B
:10325000002B06D02D4B9A682C49BB6913438B6019
:1032600006E02A4B9A68BB69DB43284913408B6010
:103270003B685B6803F40013002B06D0234BDA682D
:103280002249BB691343CB6006E0204BDA68BB6977
:10329000DB431E491340CB603B685B6803F400339B
:1032A000002B06D0194B5A681849BB6913434B6071
:1032B00006E0164B5A68BB69DB43144913404B6068
:1032C0003B685B6803F48033002B21D00F4B1A68F6
:1032D0000E49BB6913430B6021E000BF00003210B0
:1032E0000000311000002210000021100000121018
:1032F00000001110001002400000014000080140D1
:10330000000C014000100140001401400004014085
:103310000B4B1A68BB69DB43094913400B607B6A9E
:1033200001337B623B681A687B6A22FA03F3002B45
:103330007FF48EAE00BF00BF2C37BD4680BC704707
:103340000004014080B483B000AF78600B467B80FE
:1033500013467B707B78002B03D07A887B681A61D8
:1033600003E07B881A047B681A6100BF0C37BD46F6
:1033700080BC704780B584B000AF78607B68002B5C
:1033800001D101232BE17B6893F83D30DBB2002BA8
:1033900006D17B68002283F83C207868FEF786FE21
:1033A0007B68242283F83D207B681B681A687B6851
:1033B0001B6822F001021A607B681B681A687B6830
:1033C0001B6842F400421A607B681B681A687B68BD
:1033D0001B6822F400421A6001F032F8F8607B6842
:1033E0005B68814A934207D8FB68804A934294BF46
:1033F00001230023DBB206E0FB687D4A934294BFC1
:1034000001230023DBB2002B01D00123E7E0FB689E
:10341000784AA2FB03239B0CBB607B681B685B683C
:1034200023F03F017B681B68BA680A435A607B68D7
:103430001B681B6A23F03F017B685B686A4A934202
:1034400002D8BB68013309E0BB684FF4967202FBF7
:1034500003F3694AA2FB03239B0901337A681268CC
:103460000B4313627B681B68DB6923F44F4222F035
:10347000FF027B685B685C498B4219D8FB68591E68
:103480007B685B685B00B1FBF3F3591C40F6FC738F
:103490000B40002B0AD0FB68591E7B685B685B0001
:1034A000B1FBF3F30133C3F30B0351E004234FE00B
:1034B0007B689B68002B11D1FB68581E7B6859689C
:1034C0000B465B000B44B0FBF3F30133C3F30B0378
:1034D000002B0CBF01230023DBB212E0FB68581E57
:1034E0007B6859680B469B000B4499000B44B0FB6A
:1034F000F3F30133C3F30B03002B0CBF01230023B1
:10350000DBB2002B01D0012322E07B689B68002BFB
:103510000ED1FB68581E7B6859680B465B000B4454
:10352000B0FBF3F30133C3F30B0343F400430FE0A9
:10353000FB68581E7B6859680B469B000B4499003A
:103540000B44B0FBF3F30133C3F30B0343F44043E9
:10355000796809681343CB617B681B681B6823F09B
:10356000C0017B68DA697B681B6A1A437B681B6849
:103570000A431A607B681B689B6823F4034323F0AB
:10358000FF037A6811697A68D26811437A68126811
:103590000B4393607B681B68DB6823F0FF017B684B
:1035A0005A697B689B691A437B681B680A43DA6027
:1035B0007B681B681A687B681B6842F001021A600E
:1035C0007B6800221A647B68202283F83D207B6898
:1035D00000221A637B68002283F83E2000231846ED
:1035E0001037BD4680BD00BFA08601007F841E004D
:1035F000FF083D0083DE1B43D34D621080B588B0C9
:1036000002AFF8607A601A460B467B8113463B8115
:10361000FEF7FCFE7861FB6893F83D30DBB2202BAF
:1036200040F0E0807B690093192301227049F8681B
:1036300000F064F90346002B01D00223D3E0FB68BD
:1036400093F83C30012B01D10223CCE0FB6801222E
:1036500083F83C20FB681B681B6803F00103012B07
:1036600007D0FB681B681A68FB681B6842F0010200
:103670001A60FB681B681A68FB681B6822F400620A
:103680001A60FB68212283F83D20FB68102283F832
:103690003E20FB6800221A64FB687A685A62FB6865
:1036A0003A895A85FB685B8D9AB2FB681A85FB687C
:1036B000504ADA6279897B693A6AF86800F09CF8C6
:1036C0000346002B01D001238DE000233B61FB6802
:1036D0001B685B693B61FB681B689B693B613B69DD
:1036E00066E07A69396AF86800F022FA0346002B2E
:1036F0000DD0FB681B6C042B07D1FB681B681A6894
:10370000FB681B6842F400721A6001236BE0FB68DF
:103710005B6A1A78FB681B681A61FB685B6A5A1C53
:10372000FB685A62FB685B8D9BB2013B9AB2FB68F7
:103730005A85FB681B8D013B9AB2FB681A85FB68B2
:103740001B685B6903F00403042B1BD1FB681B8D12
:10375000002B17D0FB685B6A1A78FB681B681A613C
:10376000FB685B6A5A1CFB685A62FB685B8D9BB204
:10377000013B9AB2FB685A85FB681B8D013B9AB2EC
:10378000FB681A857A69396AF86800F019FA034605
:10379000002B0DD0FB681B6C042B07D1FB681B684A
:1037A0001A68FB681B6842F400721A6001231AE071
:1037B000FB681B8D002B94D1FB681B681A68FB68A3
:1037C0001B6842F400721A60FB68202283F83D20D7
:1037D000FB68002283F83E20FB68002283F83C202F
:1037E000002300E0022318461837BD4680BD00BF05
:1037F000020010000000FFFF80B588B002AFF86043
:103800007A603B600B467B81FB68DB6A7B617B698E
:10381000082B06D07B69012B03D07B6913F5803F11
:1038200008D1FB681B681A68FB681B6842F4807249
:103830001A600BE0FB681B6B122B07D1FB681B683F
:103840001A68FB681B6842F480721A603B68009338
:103850007B6800224FF00111F86800F04FF8034632
:10386000002B0DD0FB681B681B6803F48073B3F555
:10387000807F03D1FB684FF400721A64032335E0A4
:10388000FB681B69B3F5804F08D17B89DBB21A4610
:10389000FB681B6802F0FE021A611BE07B89DB11EA
:1038A000DBB203F00603DBB263F00F03DAB2FB68AE
:1038B0001B681A613B687A680E49F86800F098F84E
:1038C0000346002B01D0012310E07B89DAB2FB68AC
:1038D0001B681A613B687A680749F86800F088F845
:1038E0000346002B01D0012300E0002318461837BF
:1038F000BD4680BD080001000200010080B584B013
:1039000000AFF860B9603B601346FB7148E03B686C
:10391000B3F1FF3F44D0FEF779FD0246BB69D31AED
:103920003A689A4202D33B68002B39D1BB681B0C22
:10393000DBB2012B0DD1FB681B685B69DA43BB6806
:1039400013409BB2002B0CBF01230023DBB21A46AD
:103950000CE0FB681B689B69DA43BB6813409BB2B1
:10396000002B0CBF01230023DBB21A46FB799A42DD
:1039700016D1FB6800221A63FB68202283F83D20E1
:10398000FB68002283F83E20FB681B6C43F020029A
:10399000FB681A64FB68002283F83C20012323E0C3
:1039A000BB681B0CDBB2012B0DD1FB681B685B698C
:1039B000DA43BB6813409BB2002B0CBF01230023EA
:1039C000DBB21A460CE0FB681B689B69DA43BB68F4
:1039D00013409BB2002B0CBF01230023DBB21A461D
:1039E000FB799A4293D0002318461037BD4680BD1C
:1039F00080B584B000AFF860B9607A603B6071E078
:103A0000FB681B685B6903F48063B3F5806F23D1A7
:103A1000FB681B681A68FB681B6842F400721A6036
:103A2000FB681B686FF480625A61FB6800221A63AE
:103A3000FB68202283F83D20FB68002283F83E20AB
:103A4000FB681B6C43F00402FB681A64FB680022ED
:103A500083F83C20012367E07B68B3F1FF3F41D04E
:103A6000FEF7D4FC02463B68D31A7A689A4202D326
:103A70007B68002B36D1BB681B0CDBB2012B0CD151
:103A8000FB681B685B69DA43BB6813409BB2002B81
:103A900014BF01230023DBB20BE0FB681B689B69AA
:103AA000DA43BB6813409BB2002B14BF01230023F1
:103AB000DBB2002B16D0FB6800221A63FB682022C1
:103AC00083F83D20FB68002283F83E20FB681B6CD6
:103AD00043F02002FB681A64FB68002283F83C2054
:103AE000012321E0BB681B0CDBB2012B0CD1FB686E
:103AF0001B685B69DA43BB6813409BB2002B14BFA1
:103B000001230023DBB20BE0FB681B689B69DA43EF
:103B1000BB6813409BB2002B14BF01230023DBB210
:103B2000002B7FF46DAF002318461037BD4680BDD3
:103B300080B584B000AFF860B9607A6034E0F868AE
:103B400000F086F80346002B01D0012334E0BB6867
:103B5000B3F1FF3F28D0FEF759FC02467B68D31A29
:103B6000BA689A4202D3BB68002B1DD1FB681B6860
:103B70005B6903F08003802B16D0FB6800221A6378
:103B8000FB68202283F83D20FB68002283F83E205A
:103B9000FB681B6C43F02002FB681A64FB68002280
:103BA00083F83C20012307E0FB681B685B6903F096
:103BB0008003802BC3D1002318461037BD4680BD3B
:103BC00080B584B000AFF860B9607A6034E0F8681E
:103BD00000F03EF80346002B01D0012334E0BB681F
:103BE000B3F1FF3F28D0FEF711FC02467B68D31AE1
:103BF000BA689A4202D3BB68002B1DD1FB681B68D0
:103C00005B6903F00403042B16D0FB6800221A63DF
:103C1000FB68202283F83D20FB68002283F83E20C9
:103C2000FB681B6C43F02002FB681A64FB680022EF
:103C300083F83C20012307E0FB681B685B6903F005
:103C40000403042BC3D1002318461037BD4680BDA2
:103C500080B483B000AF78607B681B685B6903F455
:103C60008063B3F5806F1BD17B681B686FF4806243
:103C70005A617B6800221A637B68202283F83D200A
:103C80007B68002283F83E207B681B6C43F00402B3
:103C90007B681A647B68002283F83C20012300E0E3
:103CA000002318460C37BD4680BC704780B586B0EF
:103CB00000AF78607B68002B01D1012372E27B6842
:103CC0001B6803F00103002B00F08780924B5B68B8
:103CD00003F00C03042B0CD08F4B5B6803F00C0338
:103CE000082B12D18C4B5B6803F48033B3F5803F13
:103CF0000BD1894B1B6803F40033002B6CD07B681D
:103D00005B68002B68D101234CE27B685B68B3F5EC
:103D1000803F06D1804B1B687F4A43F48033136099
:103D20002EE07B685B68002B0CD17B4B1B687A4ACA
:103D300023F480331360784B1B68774A23F4802385
:103D400013601DE07B685B68B3F5A02F0CD1724B4C
:103D50001B68714A43F4802313606F4B1B686E4AE3
:103D600043F4803313600BE06B4B1B686A4A23F407
:103D700080331360684B1B68674A23F48023136009
:103D80007B685B68002B13D0FEF740FB386108E0CE
:103D9000FEF73CFB02463B69D31A642B01D903238F
:103DA00000E25D4B1B6803F40033002BF0D014E0FD
:103DB000FEF72CFB386108E0FEF728FB02463B6962
:103DC000D31A642B01D90323ECE1534B1B6803F492
:103DD0000033002BF0D100E000BF7B681B6803F0CC
:103DE0000203002B63D04C4B5B6803F00C03002BE9
:103DF0000BD0494B5B6803F00C03082B1CD1464BDE
:103E00005B6803F48033002B16D1434B1B6803F02F
:103E10000203002B05D07B681B69012B01D0012315
:103E2000C0E13D4B1B6823F0F8027B685B69DB0057
:103E3000394913430B603AE07B681B69002B20D0A3
:103E4000364B01221A60FEF7E1FA386108E0FEF70E
:103E5000DDFA02463B69D31A022B01D90323A1E103
:103E60002D4B1B6803F00203002BF0D02A4B1B687C
:103E700023F0F8027B685B69DB00274913430B6082
:103E800015E0264B00221A60FEF7C0FA386108E000
:103E9000FEF7BCFA02463B69D31A022B01D9032371
:103EA00080E11D4B1B6803F00203002BF0D17B68FF
:103EB0001B6803F00803002B3AD07B689B69002B3A
:103EC00019D0174B01221A60FEF7A0FA386108E0FA
:103ED000FEF79CFA02463B69D31A022B01D9032351
:103EE00060E10D4B5B6A03F00203002BF0D0012070
:103EF00000F0CEFA1CE00A4B00221A60FEF786FAA8
:103F000038610FE0FEF782FA02463B69D31A022BB2
:103F100008D9032346E100BF0010024000004242DE
:103F200080044242924B5B6A03F00203002BE9D10A
:103F30007B681B6803F00403002B00F0A6800023BD
:103F4000FB758B4BDB6903F08053002B0DD1884B45
:103F5000DB69874A43F08053D361854BDB6903F00B
:103F60008053BB60BB680123FB75824B1B6803F465
:103F70008073002B18D17F4B1B687E4A43F48073FB
:103F80001360FEF743FA386108E0FEF73FFA024695
:103F90003B69D31A642B01D9032303E1754B1B68DA
:103FA00003F48073002BF0D07B68DB68012B06D113
:103FB0006F4B1B6A6E4A43F0010313622DE07B686E
:103FC000DB68002B0CD16A4B1B6A694A23F00103A2
:103FD0001362674B1B6A664A23F0040313621CE0FA
:103FE0007B68DB68052B0CD1614B1B6A604A43F090
:103FF000040313625E4B1B6A5D4A43F001031362C4
:104000000BE05B4B1B6A5A4A23F001031362584BC7
:104010001B6A574A23F0040313627B68DB68002B9A
:1040200015D0FEF7F3F938610AE0FEF7EFF9024622
:104030003B69D31A41F28832934201D90323B1E09C
:104040004B4B1B6A03F00203002BEED014E0FEF78B
:10405000DDF938610AE0FEF7D9F902463B69D31A67
:1040600041F28832934201D903239BE0404B1B6A03
:1040700003F00203002BEED1FB7D012B05D13C4B5D
:10408000DB693B4A23F08053D3617B68DB69002BFB
:1040900000F08780364B5B6803F00C03082B61D07F
:1040A0007B68DB69022B46D1334B00221A60FEF796
:1040B000ADF9386108E0FEF7A9F902463B69D31A69
:1040C000022B01D903236DE0294B1B6803F0007319
:1040D000002BF0D17B681B6AB3F5803F08D1244BDD
:1040E0005B6823F400327B689B68214913434B6073
:1040F0001F4B5B6823F474127B68196A7B685B6AE8
:104100000B431B4913434B601B4B01221A60FEF704
:104110007DF9386108E0FEF779F902463B69D31A68
:10412000022B01D903233DE0114B1B6803F0007300
:10413000002BF0D035E0104B00221A60FEF766F934
:10414000386108E0FEF762F902463B69D31A022B98
:1041500001D9032326E0064B1B6803F00073002BF4
:10416000F0D11EE07B68DB69012B07D1012319E048
:104170000010024000700040600042420B4B5B6840
:10418000FB60FB6803F480327B681B6A9A4206D1AD
:10419000FB6803F470127B685B6A9A4201D00123CA
:1041A00000E0002318461837BD4680BD00100240CD
:1041B00080B584B000AF786039607B68002B01D196
:1041C0000123D0E06A4B1B6803F007033A689A4268
:1041D00010D9674B1B6823F0070265493B681343FE
:1041E0000B60634B1B6803F007033A689A4201D0E7
:1041F0000123B8E07B681B6803F00203002B20D08A
:104200007B681B6803F00403002B05D0594B5B68E7
:10421000584A43F4E06353607B681B6803F008036B
:10422000002B05D0534B5B68524A43F460535360F4
:10423000504B5B6823F0F0027B689B684D49134349
:104240004B607B681B6803F00103002B40D07B6848
:104250005B68012B07D1474B1B6803F40033002B2D
:1042600015D101237FE07B685B68022B07D1414BAE
:104270001B6803F00073002B09D1012373E03D4B51
:104280001B6803F00203002B01D101236BE0394BC3
:104290005B6823F003027B685B68364913434B601D
:1042A000FEF7B4F8F8600AE0FEF7B0F80246FB68E3
:1042B000D31A41F28832934201D9032353E02D4BA4
:1042C0005B6803F00C027B685B689B009A42EBD151
:1042D000274B1B6803F007033A689A4210D2244B1D
:1042E0001B6823F0070222493B6813430B60204BF5
:1042F0001B6803F007033A689A4201D0012332E0B9
:104300007B681B6803F00403002B08D0194B5B6823
:1043100023F4E0627B68DB68164913434B607B68DB
:104320001B6803F00803002B09D0124B5B6823F4D1
:1043300060527B681B69DB000E4913434B6000F041
:1043400021F802460B4B5B681B0903F00F030A4977
:10435000CB5C22FA03F3094A1360094B1B68184629
:10436000FEF712F8002318461037BD4680BD00BF87
:104370000020024000100240848400080800002051
:104380000C00002080B487B000AF0023FB60002346
:10439000BB6000237B6100237B6000233B611E4BDD
:1043A0005B68FB60FB6803F00C03042B02D0082B56
:1043B00003D027E0194B3B6127E0FB689B0C03F01F
:1043C0000F03174AD35C7B60FB6803F48033002B38
:1043D00010D0114B5B685B0C03F00103114AD35CF6
:1043E000BB607B680D4A03FB02F2BB68B2FBF3F3D0
:1043F0007B6104E07B680C4A02FB03F37B617B6911
:104400003B6102E0054B3B6100BF3B6918461C372E
:10441000BD4680BC704700BF0010024000127A0009
:104420009C840008AC84000800093D0080B400AF03
:10443000024B1B681846BD4680BC70470800002030
:1044400080B500AFFFF7F2FF0246054B5B681B0A21
:1044500003F007030349CB5C22FA03F3184680BD3F
:10446000001002409484000880B500AFFFF7DEFF23
:104470000246054B5B68DB0A03F007030349CB5C8C
:1044800022FA03F3184680BD00100240948400080D
:1044900080B485B000AF78600A4B1B680A4AA2FB63
:1044A00003235B0A7A6802FB03F3FB6000BFFB682F
:1044B0005A1EFA60002BF9D100BF00BF1437BD4669
:1044C00080BC704708000020D34D621080B586B0D4
:1044D00000AF786000233B610023FB607B681B68B2
:1044E00003F00103002B7DD00023FB754F4BDB69EC
:1044F00003F08053002B0DD14C4BDB694B4A43F04A
:104500008053D361494BDB6903F08053BB60BB68C8
:104510000123FB75464B1B6803F48073002B18D1F5
:10452000434B1B68424A43F480731360FDF76EFFF0
:10453000386108E0FDF76AFF02463B69D31A642B35
:1045400001D903236DE03A4B1B6803F48073002B01
:10455000F0D0364B1B6A03F44073FB60FB68002B02
:104560002ED07B685B6803F44073FA689A4227D0C8
:104570002E4B1B6A23F44073FB602E4B01221A6002
:104580002C4B00221A60294AFB681362FB6803F077
:104590000103002B14D0FDF739FF38610AE0FDF765
:1045A00035FF02463B69D31A41F28832934201D962
:1045B000032336E01D4B1B6A03F00203002BEED0F1
:1045C0001A4B1B6A23F440727B685B6817491343DC
:1045D0000B62FB7D012B05D1144BDB69134A23F0E1
:1045E0008053D3617B681B6803F00203002B08D063
:1045F0000E4B5B6823F440427B689B680B49134376
:104600004B607B681B6803F01003002B08D0074B3E
:104610005B6823F480027B68DB68044913434B60CA
:10462000002318461837BD4680BD00BF0010024069
:10463000007000404004424280B588B000AF78600E
:1046400000237B610023FB6100233B610023FB60AF
:104650000023BB617B68102B0AD07B68102B00F213
:104660008A807B68012B45D07B68022B75D082E065
:10467000464B5B68FB60454B1B6803F08073002B67
:104680007BD0FB689B0C03F00F03414AD35C3B617A
:10469000FB6803F48033002B15D03C4B5B685B0C4C
:1046A00003F001033B4AD35C7B61FB6803F4803376
:1046B000002B0DD0384A7B69B2FBF3F23B6902FB59
:1046C00003F3FB6104E03B69344A02FB03F3FB6143
:1046D0002E4B5B6803F48003B3F5800F02D1FB69B6
:1046E000BB614AE0FB695B002D4AA2FB03235B0828
:1046F000BB6142E0254B1B6AFB60FB6803F440731F
:10470000B3F5807F08D1FB6803F00203002B03D0D0
:104710004FF40043BB611FE0FB6803F44073B3F543
:10472000007F09D1194B5B6A03F00203002B03D011
:1047300049F64043BB610FE0FB6803F44073B3F5F7
:10474000407F1CD1114B1B6803F40033002B16D0A3
:104750004FF22443BB6112E011E0FFF785FE0246F1
:104760000A4B5B689B0B03F0030301335B00B2FB56
:10477000F3F3BB6104E000BF02E000BF00E000BF54
:10478000BB6918462037BD4680BD00BF00100240FF
:10479000B0840008C084000800127A0000093D00BF
:1047A000ABAAAAAA002B2DE9F0471D46BBBF03F117
:1047B00000431D4600232D2388B01446B8BF14467D
:1047C000129A109E1370149BDDF84CA023F0200861
:1047D000B8F1460F05D0B8F1450F00D101360223DC
:1047E00000E0032307AA049206AACDE902A2CDE9BC
:1047F000003622462B4600F077FEB8F1470F0746F9
:1048000019D1119BDB070ED500EB0609002200230E
:1048100020462946FCF7C8F808B1CDF81C90302294
:10482000079B4B451ED33846079B159ADB1B13602D
:1048300008B0BDE8F087B8F1460F00EB0609E5D1F6
:104840000378302B0AD10022002320462946FCF7AA
:10485000ABF818B9C6F10106CAF80060DAF8003002
:104860009944D3E7591C07911A70D9E7F7B5002985
:10487000B6BF2D232B23494209290270437029DD3D
:104880000DF1070425460A27B1FBF7F6224607FB80
:104890001613303302F8013C0B46632B314604F10A
:1048A000FF34F1DC3031931E04F8011C1C46411C1E
:1048B000AB420AD30DF109039B1AA54238BF00236E
:1048C000821C1344181A03B0F0BD13F8016B01F8F1
:1048D000016FEDE7302330318370C170031DF1E7C4
:1048E0002DE9F04F91B00C46DDF8688016461F4662
:1048F000054600F0EBFC036818460A93FBF728FC1A
:1049000000230E93D8F8003094F818A0073323F052
:104910000703F3E80212D4F800B0CDE90812C8F892
:10492000003013460A46C4E91223DDE9088323F068
:1049300000490B904FF0FF32404649469B4BFCF735
:1049400065F870BB4FF0FF3240464946974BFCF785
:104950003FF830BBDDE9080100220023FCF72EF808
:1049600010B12D2384F84330914A924BBAF1470F8E
:104970008CBF9046984603234FF0000923612BF02B
:104980000403236033462146284600970FAA00F00F
:10499000D3F9013040F08F804FF0FF3011B0BDE807
:1049A000F08FDDE9082310461946FCF72FF840B1D7
:1049B000099B814A002BBCBF2D2384F843307F4BD9
:1049C000D4E763680AF0DF095A1C3ED1062363600E
:1049D00000224BF48063236006920EAACDE904A264
:1049E0000DAA03920DF13302CDE901326368284626
:1049F0000093DDE90823FFF7D5FEB9F1470F8046A4
:104A00000D9929D1C81C02DB63688B4241DAAAF1F7
:104A1000020A5FFA8AFA5246013904F150000D91F8
:104A2000FFF724FF0E9A81461318012A236102DC46
:104A30002268D20701D5013323619DF83330002B62
:104A4000A0D02D2384F843309CE7B9F1470FBFD1A4
:104A5000002BBDD10123BAE7BAF1650FDBD9BAF15A
:104A6000660F18D1002963680BDD216113B9226834
:104A7000D00702D501330B4423614FF00009A16533
:104A8000DBE713B92268D20701D50233F4E701232B
:104A9000F2E74FF0670A0E9B8B4205DC2368216129
:104AA000D807EAD54B1CE7E70029CCBF0122C1F1AA
:104AB00002021344E0E723685A0507D423694246FB
:104AC00031462846B84701302BD165E7BAF1650F6A
:104AD00040F2DC80D4E9120100220023FBF764FFDE
:104AE000002833D0012331462846354AB8470130E3
:104AF0003FF452AFDDE90D38434502DB2368D807A8
:104B00000FD5DDE90A2331462846B84701303FF486
:104B100043AF4FF0000908F1FF3804F11A0AC84505
:104B200009DC23689B0700F10281E0680F9B984233
:104B3000B8BF184632E70123524631462846B847E7
:104B400001303FF429AF09F10109E8E70D9B002B83
:104B500038DC012331462846194AB84701303FF472
:104B60001BAFDDE90D3959EA030302D12368D907E8
:104B7000D7D5DDE90A2331462846B84701303FF44E
:104B80000BAF4FF0000A04F11A0B0D9B5B4253452B
:104B900001DC4B4693E701235A4631462846B84785
:104BA00001303FF4F9AE0AF1010AEEE7FFFFEF7FB3
:104BB000C6840008C2840008CE840008CA840008A5
:104BC000D2840008A36DDDF838A05345A8BF534632
:104BD000002B994636DC4FF0000B29EAE97904F105
:104BE0001A02A36D0893A3EB09035B4531DC0D9B0F
:104BF0009A453ADC2368DA0737D40D9BAAEB030900
:104C0000089BAAEB03039945A8BF9946B9F1000F89
:104C100033DC4FF0000829EAE97904F11A0B0D9B07
:104C2000AAEB0303A3EB090343457FF77AAF012304
:104C30005A4631462846B84701303FF4ADAE08F138
:104C40000108ECE7424631462846B8470130C2D158
:104C5000A2E60123314628460892B84701303FF4C6
:104C60009BAE089A0BF1010BBBE73146DDE90A2345
:104C70002846B8470130C0D18EE6089A4B463146E7
:104C800028464244B8470130C3D185E6DDF838A054
:104C9000BAF1010F01DCDB0736D50123424631466C
:104CA0002846B84701303FF477AEDDE90A233146A4
:104CB0002846B84701303FF46FAED4E91201002214
:104CC00000230AF1FF3AFBF76FFEC0B9534608F123
:104CD000010231462846B84701300CD15CE6012379
:104CE0005A4631462846B84701303FF455AE08F1E0
:104CF0000108D045F3DB4B4604F15002E0E64FF0EB
:104D0000000804F11A0BF4E701234246E1E701230E
:104D10004A4631462846B84701303FF43DAE08F1D7
:104D20000108E3680F995B1A4345F0DCFDE64FF09C
:104D3000000804F11909F4E72DE9F04716469846F2
:104D40008A680B6907469342B8BF1346336091F8EF
:104D500043200C46DDF820900AB10133336023680C
:104D6000990642BF336802333360256815F00605A3
:104D700006D104F1190AE36832689B1AAB422BDCB6
:104D800094F843302268003B18BF0123920630D4C8
:104D90004146384604F14302C847013023D0236816
:104DA000226903F00603042B14BF002533684FF07B
:104DB000000608BFE56804F11A0408BFED1A54F8AC
:104DC000123C08BF25EAE5759342C4BF9B1AED1853
:104DD000B5421AD1002008E0012352464146384628
:104DE000C847013003D14FF0FF30BDE8F0870135EF
:104DF000C1E73020E11881F843005A1C94F84510AF
:104E00002244023382F84310C2E70123224641467E
:104E10003846C8470130E6D00136D9E72DE9F043DE
:104E20000D7E85B0782D904607460C4699460C9E1F
:104E300001F1430207D8622D0AD8002D00F0D78077
:104E4000582D00F0BC8004F1420684F842503BE04B
:104E5000A5F16303152BF6D801A151F823F000BF8B
:104E6000B94E0008CD4E0008474E0008474E0008D6
:104E7000474E0008474E0008CD4E0008474E000838
:104E8000474E0008474E0008474E0008D54F00081F
:104E9000F74E0008874F0008474E0008474E0008AD
:104EA000F74F0008474E0008F74E0008474E00082D
:104EB000474E00088F4F000833681A1D1B68326088
:104EC00004F1420684F842300123A1E033682068EF
:104ED000191D3160060601D51D6803E04506FBD5A6
:104EE000B3F90050002D03DA2D236D4284F84330CE
:104EF0000A235B4811E021683368080653F8045B15
:104F000002D4490648BFADB23360237E54486F2BAC
:104F10005CD10823002184F843106668002EA66047
:104F200005DB21682E4321F00401216050D0164694
:104F3000B5FBF3F103FB115C10F80CC006F801CDD2
:104F4000AC4663450D46F3D9082B0BD12368DB072C
:104F500008D5236961689942DEBF302306F8013C19
:104F600006F1FF36921B2261434621463846CDF8B2
:104F7000009003AAFFF7E0FE01304ED14FF0FF3062
:104F800005B0BDE8F083236843F020032360782553
:104F9000344884F845502368316813F0800F51F885
:104FA000045B03D113F0400F18BFADB23160D907D5
:104FB00044BF43F0200323601DB11023AAE7284813
:104FC000E7E7236823F020032360F6E70A23A1E73D
:104FD0001646B9E733682568181D616930602E06EA
:104FE0001B6801D5196002E06806FBD51980002313
:104FF00016462361B8E7336800211A1D32601E6827
:105000006268304600F0D9F908B1801B60606368BF
:105010002361002384F84330A6E7324641463846F0
:105020002369C8470130A9D023689B0713D4E068DF
:10503000039B9842B8BF1846A2E701233246414677
:105040003846C847013099D00135E36803995B1AA7
:10505000AB42F2DCEBE7002504F11906F5E700BFEF
:10506000D4840008E5840008002310B50446C0E994
:105070000033C0E90433836081814366C281836168
:10508000194608225C3000F019F90D4B2462636266
:105090000C4BA3620C4BE3620C4B23630C4B9C4206
:1050A00006D003F16802944202D0D0339C4205D16D
:1050B00004F15800BDE8104000F07CB910BD00BFFD
:1050C00035520008575200088F520008B5520008A8
:1050D000B4020020024A0349034800F06BB800BF45
:1050E00014000020656D00082400002041680C4B6E
:1050F00010B59942044601D001F034FEA168094B75
:10510000994202D0204601F02DFEE168064B9942FB
:1051100004D02046BDE8104001F024BE10BD00BF01
:10512000B40200201C030020840300200C4B0D4A15
:1051300010B504211A600C480022FFF795FF0A4BB6
:1051400001221C46092103F16800FFF78DFF04F1DD
:10515000D0000222BDE810401221FFF785BF00BF3A
:10516000EC030020D5500008B4020020014800F0F4
:1051700022B900BFF5030020014800F01DB900BFAF
:10518000F503002010B50446FFF7F0FF236A1BB1BA
:10519000BDE81040FFF7F0BF044B2362044B1B68CF
:1051A000002BF5D1FFF7C2FFF2E700BFED5000087A
:1051B000EC0300202DE9F8430746884614460026F4
:1051C000D4E90195B9F1010905D52468002CF7D17E
:1051D0003046BDE8F883AB89012B07D9B5F90E300D
:1051E000013303D029463846C04706436835E9E70E
:1051F0000EB46FF0004110B500249DB01FAB0290BB
:105200000690079104910948094953F8042B059128
:10521000006802A901931B9401F02EFC029B1C70F4
:105220001DB0BDE8104003B0704700BF2000002053
:105230000802FFFF10B50C46B1F90E1000F06CF833
:105240000028ABBF636DA3891B1823F48053ACBF48
:105250006365A38110BD2DE9F0411F468B8905468A
:10526000DB050C46164605D502230022B1F90E10C7
:1052700000F040F8A389324623F48053A3812846E6
:105280003B46B4F90E10BDE8F04100F057B810B538
:105290000C46B1F90E1000F02DF8B4F90C30421C98
:1052A0000BBF23F4805343F48053A381A38118BF21
:1052B000606510BDB1F90E1000F00CB80346024451
:1052C000934200D1704703F8011BF9E7004870478B
:1052D0006001002038B50023054D044608462B60C8
:1052E000FCF7A9FF431C02D12B6803B1236038BD32
:1052F000F003002038B50446084611460022054D4B
:105300002A601A46FCF7BBFF431C02D12B6803B18D
:10531000236038BDF003002038B504460846114626
:105320000022054D2A601A46FCF74CFF431C02D1AF
:105330002B6803B1236038BDF003002038B5044664
:10534000084611460022054D2A601A46FCF757FF11
:10535000431C02D12B6803B1236038BDF003002049
:10536000014B1868704700BF2000002070B5002670
:105370000C4D0D4B5B1B9C10A64209D1002603F07F
:105380003BF80A4D0A4B5B1B9C10A64205D170BD31
:1053900055F8043B98470136EEE755F8043B98472B
:1053A0000136F2E7148C0008148C0008148C0008F5
:1053B000188C0008704770477047034610B5C9B293
:1053C00002449342184601D1002003E004780133DF
:1053D0008C42F6D110BD2DE9F74F03690C690746E1
:1053E000A3427EDB013CA30000F1140501F1140887
:1053F000009305EB8403019358F8243055F82420DA
:1054000001339A42B2FBF3F608EB84092ED34FF036
:10541000000AC446AE46D3465CF8043B98B206FB8D
:1054200000A01B0C020C06FB0323DEF8002080B258
:1054300092B2121A5A44DEF800004FEA134A9BB2A5
:10544000C3EB224303EB104392B242EA0342E1452D
:105450004FEA234B4EF8042BDED2009BEB582BB9BE
:10546000019B043B9D421A462FD33C61384601F014
:1054700097F9002825DB2946002058F8042BD1F89D
:1054800000C01FFA82FE1FFA8CF3A3EB0E03034445
:10549000120CC2EB234202EB1C429BB243EA0243D2
:1054A000C1454FEA224041F8043BE6D255F824209A
:1054B00005EB840322B9043B9D421A460BD33C61A1
:1054C0000136304603B0BDE8F08F1268043B002A75
:1054D000CBD1013CC6E71268043B002AEFD1013C66
:1054E000EAE70020EEE700002DE9F04F16461F46E0
:1054F000C26999B08146CDE90E67259C82B910201A
:1055000000F020FE0246C9F81C0020B9EF21A84B8C
:10551000A84801F087FC0023C0E901330360C360A1
:10552000116859B101235268484693404A608B6024
:1055300000F0FCFE0022D9F81C301A60B7F1000818
:10554000B5BF01230023236023609B4BBCBF28F021
:105550000048CDF83C8033EA08031AD142F20F73B9
:10556000249AC8F3130858EA0608136000F07485FB
:10557000269B53B9914B21E0914B03930833269A14
:105580001360039819B0BDE8F08F8C4B039303337D
:10559000F5E7DDE90E34CDE90A34DDE90A01002240
:1055A0000023FBF701FA824650B10123249A1360CD
:1055B000269B13B1834B269A1360834B0393E0E73A
:1055C00016AB019317AB00934846DDE90A2301F0BF
:1055D0009BF95FEA1854169D04907BD0DDE90A011F
:1055E0000B9BA4F2FF34C3F3130343F07F5343F444
:1055F0004013CDF850A019460022744BFAF7B4FDC1
:1056000065A3D3E90023FAF767FF65A3D3E9002375
:10561000FAF7ACFD064620460F46FAF7F3FE62A302
:10562000D3E90023FAF758FF02460B4630463946C5
:10563000FAF79CFD06460F46FBF7FEF9002280466E
:10564000002330463946FBF7B9F948B14046FAF72E
:10565000D9FE32463B46FBF7A7F908B908F1FF38F7
:10566000B8F1160F53D8DDE90A01594B03EBC80313
:10567000D3E90023FBF7A2F900284AD0002308F160
:10568000FF3811932D1B6B1E099349BF0023002780
:10569000C5F101070993B8F1000F3CDB099BCDF878
:1056A00040804344099300230C93229B092B64D828
:1056B000052BC4BF043B2293229BC8BF0024A3F147
:1056C0000203D8BF0124032B00F28680DFE803F039
:1056D0005153362B179C2C4404F23243202BC1BF6C
:1056E000C3F1400308FA03F804F2124326FA03F365
:1056F000D6BFC3F1200348EA030006FA03F0FAF725
:1057000071FE0122A1F1F873013C149273E70123A9
:10571000B7E71190B6E7C8F100030C930023A7EB9D
:1057200008071093C1E701230D93239B434408937B
:105730000133012B0593B8BF012306E001230D932C
:10574000239B002B4BDD0893059300210422D9F8FD
:105750001C0002F114059D4246D94160484600F004
:10576000A7FD0390002842D1024640F2AF11194B29
:10577000CEE60023E3E70023D6E7012400230D94BF
:1057800022934FF0FF3300220893059312232392B4
:10579000DBE700BFAFF3008061436F63A787D23FB1
:1057A000B3C8608B288AC63FFB799F501344D33F10
:1057B000038500081A8500080000F07FFF840008B8
:1057C000F6840008D3840008D28400080000F83F63
:1057D000688600087285000801230D93D1E7012334
:1057E0001A4608930593D2E701315200B1E7D9F880
:1057F0001C30039A1A60059B0E2B00F2A180002C2E
:1058000000F09E80B8F1000F36DD9F4B08F00F02CC
:1058100003EBC20318F4807F4FEA2815D3E900ABED
:1058200016D0DDE90A01994B0324D3E90823FAF7DE
:105830007DFFCDE9060105F00F05944E75B9DDE950
:10584000060152465B46FAF771FF82468B462DE011
:10585000DDE90A34CDE906340224EEE7E90708D58C
:10586000D6E9002350465946FAF736FE82468B4663
:1058700001346D100836E1E700F0AD80DDE90A0182
:10588000C8F10005804B05F00F0203EBC203D3E91A
:105890000023FAF721FE022482468B4600237B4E2A
:1058A0002D11002D40F08C80002BCED1119B002BB0
:1058B00000F09580002250465946754BFBF77EF864
:1058C000002800F08C80059B002B00F08880089B4E
:1058D000002B35DD08F1FF33504659460693002270
:1058E0006C4BFAF7F9FD82468B46089E0134204640
:1058F000FAF788FD52465B46FAF7EEFD0022664B4A
:10590000FAF734FC0446A1F15075CDE91245002E9A
:1059100069D1002250465946604BFAF725FC2246D1
:105920002B4682468B46FBF767F8002840F09982A9
:1059300022465046594605F10043FBF73FF820BB8D
:10594000179B002BC0F26581B8F10E0F00F3618147
:105950004D4B03EBC803D3E900AB239B002B80F234
:10596000EF80059B002B00F3EB800ED100224B4B08
:1059700050465946FAF7B0FD02460B46DDE90A01EA
:10598000FBF726F8002800F06F8200252C46239BA9
:10599000039EDB430693274600242946484600F031
:1059A000C5FC002F00F0C2802CB1BC4203D02146C0
:1059B000484600F0BBFC3946484600F0B7FCB5E06D
:1059C000EA0705D5D6E90023FAF786FD012301345D
:1059D0006D10083665E70224DDE90AAB66E7059E2F
:1059E000CDF8188083E7284B03EBC60353E9020187
:1059F0000D9B002B56D002460B4600202849FAF793
:105A000095FEDDE91223FAF7AFFB039BCDE9120106
:105A10009D191E4659465046FBF70EF80446FAF704
:105A2000F1FC02460B4650465946FAF79DFBDDE96C
:105A30001223303406F8014B82468B46FAF7BEFF3C
:105A4000002873D152465B4600201149FAF78CFBBF
:105A5000DDE91223FAF7B2FF002840F0BB80AE4226
:105A60003FF46EAFDDE9120100220A4BFAF734FD74
:105A70000022CDE91201074B50465946FAF72CFD9A
:105A800082468B46C6E700BF68860008408600084D
:105A90000000F03F0000244000001C4000001440C3
:105AA0000000E03FDDE91223FAF716FD039BCDE984
:105AB00012013344039D159359465046FAF7BCFF33
:105AC0000446FAF79FFC0B46024659465046FAF741
:105AD0004BFB3034159B05F8014B9D4282468B46AB
:105AE00027D1DDE91201039B00221E44B54BFAF7D2
:105AF0003DFB02460B4650465946FAF77DFF00280B
:105B000068D1DDE912230020AE49FAF72DFB0246E9
:105B10000B4650465946FAF751FF00283FF410AFA4
:105B2000334616F8012D302AFAD01E46DDF81880CB
:105B30003EE00022A44BFAF7CFFC82468B46BBE73F
:105B40000024039EA04D5246DDE90A015B46FAF7A8
:105B5000EDFDFAF771FF0746FAF754FC52465B4633
:105B6000FAF7BAFC02460B46DDE90A01FAF7FCFA3D
:105B700007F1300C06F801CBDDF80CC0DDF814E0BD
:105B8000A6EB0C0CE64502460B4633D1FAF7EEFACB
:105B900052465B4604460D46FAF72EFFC0B9524600
:105BA0005B4620462946FAF7FFFE08B1FB070FD4F3
:105BB0004846049900F0BAFB0023249A337008F198
:105BC00001031360269B002B3FF4DBAC1E60D8E47E
:105BD000CDF8188033461E4613F8012D392A06D118
:105BE000039A9A42F7D1069A013206923022013284
:105BF0001A709BE722462B46FAF76EFC02460B46CC
:105C0000CDE90A2300220023FAF7CEFE00289AD01D
:105C1000CEE70D9A002A00F0E380229A012A00F3D1
:105C2000C280149A002A00F0BA8003F233430C9D1C
:105C30003E46099A01211A4448461F44099200F041
:105C400029FC044656B1099B002B07DDB342A8BFCF
:105C50003346099AFF1AF61AD31A09930C9B0BB311
:105C60000D9B002B00F0C380002D00F0BD8021466D
:105C70002A46484600F0CCFC049A014604464846B1
:105C800000F01EFC04998246484600F04FFB0C9B36
:105C90005B1B0C9300F0AE8051460C9A484600F016
:105CA000B7FC04900121484600F0F4FB109B054628
:105CB000002B00F0D8811A460146484600F0A8FCA7
:105CC000229B0546012B00F39D800E9B002B40F08C
:105CD00094800F9BC3F31303002B40F08E800F9B27
:105CE00023F000431B0D1B05002B00F089804FF0B3
:105CF000010A099B013701330993109B002B00F027
:105D0000B8812B6905EB8303186900F077FBC0F1BC
:105D10002000099B184410F01F007ED0C0F1200322
:105D2000042B72DD099BC0F11C00034407440644A8
:105D30000993002F05DD3A464846049900F0C4FC5B
:105D40000490099B002B05DD29461A46484600F0C1
:105D5000BBFC0546119B002B61D02946049800F03E
:105D60001FFD00285BDA08F1FF3306930A220023A7
:105D70004846049900F0FCFA0D9B0490002B00F0BB
:105D80007A81002321460A22484600F0F1FA089B56
:105D90000446002B72DC229B022B49DC6EE0169B32
:105DA000C3F1360343E7059B5D1E0C9BAB420DDB45
:105DB0005D1B059B002BBFF63BAF059BFE1A002326
:105DC00037E700BF0000E03F000024400C9B109A22
:105DD000EB1A1A440C953E460025059B109228E7C5
:105DE0003E460C9D0D9C2DE7DDF810A054E70C9A63
:105DF000049953E7CDF810A054E74FF0000A7CE770
:105E00009A467AE74FF0000A7BE792D0099A1C3352
:105E10001A441F441E4409928BE70346F6E7059B8C
:105E2000CDF81880002B23DC0893229B022B21DD68
:105E3000089B002B7FF4ABAD29460522484600F0B5
:105E400097FA01460546049800F0AAFC00287FF75F
:105E50009EAD3123039E06F8013B069B013306935A
:105E600099E535462C46F4E7059DCDF81880F9E70D
:105E7000059B08930D9B002B00F00181002E05DD92
:105E800021463246484600F01FFC0446BAF1000F96
:105E90005AD04846616800F00BFA064628B9024617
:105EA00040F2EF21814BFFF733BB226904F10C0173
:105EB000023292000C3000F0A7FF01223146484622
:105EC00000F002FC0746039B039A03F1010B089BB9
:105ED00013440A930E9B03F0010309930BF1FF3364
:105EE000294604980593FFF776FA2146089000F1B9
:105EF000300A049800F054FC3A4680462946484649
:105F000000F06AFCC268064602BB0146049800F035
:105F100047FC0246314648460C9200F007FA229BA5
:105F20000C9A5E4642EA0301099B194310D1BAF16B
:105F3000390F2BD0B8F1000F02DD089B03F1310AB5
:105F4000059B83F800A028E52746BCE70122E1E78E
:105F5000B8F1000F06DB229B48EA0308099B58EAC8
:105F6000030820D1002AEBDD01220499484600F005
:105F7000ABFB2946049000F013FC002803DCDFD1C2
:105F80001AF0010FDCD0BAF1390FD6D13923059AB6
:105F9000137033461E4616F8012C013B392A53D0A4
:105FA00001321A70F9E4002A07DDBAF1390FEDD099
:105FB000059A0AF101031370EFE40A9B0BF801AC98
:105FC0005B452BD000230A220499484600F0D0F903
:105FD000BC4204904FF000034FF00A0221464846AD
:105FE00006D100F0C5F9044607460BF1010B75E731
:105FF00000F0BEF93946044600230A22484600F064
:10600000B7F90746F1E7089B2746002B03F1FF3657
:10601000D8BF00260024039B5A1C16440122049971
:10602000484600F051FB2946049000F0B9FB0028D7
:10603000AFDC02D11AF0010FABD133461E4613F884
:10604000012D302AFAD0A8E4039A9A42A2D1069BE5
:10605000013306933123AEE7269B002B7FF48CAAF5
:10606000134BFFF7ABBA229B012B7FF72EAEDDF867
:1060700040A001204DE6089B002B7FF7D6AE039E83
:1060800029460498FFF7A7F9039B00F1300A06F8A8
:1060900001ABF21A089B9342B5DD00230A22484661
:1060A000049900F065F90490EAE700BF72850008E2
:1060B000F684000838B50546002940D051F8043C64
:1060C0000C1F002BB8BFE41800F0E6F81C4A136858
:1060D00033B9636014602846BDE8384000F0E2B888
:1060E000A34208D9206821188B4201BF19685B6858
:1060F00009182160EDE71A465B680BB1A342FAD993
:1061000011685018A0420BD12068014450188342F6
:106110001160E0D118685B68084410605360DAE7EA
:1061200002D90C232B60D6E7206821188B4201BFCF
:1061300019685B680918216063605460CBE738BD5B
:10614000FC030020024B0146186800F025B800BF90
:106150002000002070B50F4E0C463168054611B97D
:1061600000F042FE30602146284600F03DFE431C10
:1061700003D14FF0FF34204670BDC41C24F003044B
:10618000A042F8D0211A284600F02EFE0130F2D1AC
:10619000EFE700BFF80300202DE9F843CD1C25F000
:1061A000030508350C2D38BF0C25002D064601DBF4
:1061B000A94204D90C2333600020BDE8F883DFF83E
:1061C000D48000F069F8D8F800301C4644BB29465A
:1061D0003046FFF7BFFF431C044658D1D8F80040B3
:1061E0002746002F43D1002C4BD023683946304638
:1061F00004EB030900F0F8FD814542D121683046E7
:106200006D1A2946FFF7A6FF01303AD023682B44C8
:106210002360D8F800305A6862BBC8F800700FE0FD
:106220002268521B20D40B2A17D96119A34225607A
:1062300018BF5960636808BFC8F8001062514B600E
:10624000304600F02FF804F10B00231D20F007006A
:10625000C21A1CBF1B1AA350AFE76268A3420CBF4F
:10626000C8F800205A60EBE723466468AEE73C4676
:106270007F68B6E71A465B68A342FBD100235360F0
:10628000DEE70C233046336000F00CF894E705603D
:10629000D6E700BFFC0300200148FFF78CB800BF21
:1062A000F40300200148FFF787B800BFF403002083
:1062B00070B5C46905460E4684B91020FFF742FF49
:1062C0000446E86128B902466B21164B164800F0D7
:1062D000A9FD0023C0E901330360C360E36853B93B
:1062E00021220421284600F0BBFDEB69E060DB6859
:1062F0000BB9002070BD53F8260030B1026843F896
:1063000026200023C0E90333F4E7012101FA06F453
:10631000621D2846920000F0A3FD0028E9D0C0E9E4
:106320000164EEE7038500088385000870B5C6693F
:1063300005460C4676B91020FFF704FF0246E861D7
:1063400020B98F21084B094800F06CFDC0E90166B7
:106350000660C6603CB1EB696268DB6853F82210E6
:10636000216043F8224070BD038500088385000842
:106370002DE9F04107460C461E4600200D6901F14B
:10638000140CDCF80030013099B202FB01611E0CE4
:106390000B0C02FB063389B201EB034185424FEA45
:1063A00013464CF8041BECDC0EB3A368AB4219DCBB
:1063B000616838460131FFF77BFF804628B9024605
:1063C000BA210C4B0C4800F02DFD226904F10C01A0
:1063D000023292000C3000F017FD21463846FFF7DC
:1063E000A5FF444604EB850301355E612561204627
:1063F000BDE8F08172850008838500080346B0F58A
:10640000803F3ABF030410200020B3F1807F3CBFDF
:106410001B020830B3F1805F3CBF1B010430B3F1B5
:10642000804F3CBF9B000230002B05DB13F0804FF8
:1064300000F1010008BF202070470368024613F0F6
:1064400007000BD0D90721D4980749BF5B089B08E8
:10645000012013605CBF02201360704799B209B934
:1064600010201B0CD9B209B908301B0A190704BF48
:106470001B090430990704BF9B080230D90703D4D5
:106480005B0800F1010003D01360704700207047E3
:106490002020704710B50C460121FFF709FF024686
:1064A00028B940F24511044B044800F0BBFC01231D
:1064B0004461036110BD00BF728500088385000838
:1064C0002DE9F04FD1F81090D2F810A08846D145B0
:1064D000144685B004DB53460C46CA46904699469E
:1064E000A36861680AEB0906B342B8BF0131FFF740
:1064F000DFFE30B902464FF4B171434B434800F020
:1065000091FC00F114052B46002205EB8607BB42E7
:106510001FD304F1140C08F114010CEB8A0301EBF6
:10652000890202921A1B153A22F0030215349C428A
:1065300088BF00220192029A03918A420CD8002E51
:1065400003DD57F8043D002B5CD0066105B0BDE8C3
:10655000F08F43F8042BDAE7B1F800A0BAF1000F8E
:1065600023D0E046A9464FF0000E58F8042BD9F886
:1065700000401FFA82FBA4B20AFB0B447444D9F812
:1065800000E0120C4FEA1E4E0AFB02E202EB14423C
:10659000A4B244EA024443454FEA124E49F8044B80
:1065A000E3D8019AAA18C2F804E0039A0431B2F8B9
:1065B0000280B8F1000F23D02A68E6469146AA4629
:1065C0004FF0000BBEF8004092B208FB04B404EB9D
:1065D000194442EA04424AF8042B5EF8042BDAF824
:1065E00000904FEA124B1FFA89F208FB0B22734509
:1065F00002EB14424FEA124BE4D8019C2C19626062
:10660000043598E7013E9AE7728500088385000803
:106610002DE9F843174612F0030280460D4607D0D5
:10662000264C013A002354F82220FFF7A1FE05462C
:10663000BF103FD0D8F81C4094B91020FFF782FD5E
:106640000446C8F81C0030B9024640F2B3111C4B96
:106650001C4800F0E7FB0023C0E901330360C3607E
:10666000A66846B940F271214046FFF713FF0023A8
:106670000646A06003602C464FF0000907F00103B6
:106680007F1053B1294632464046FFF719FF214695
:1066900005464046FFF74AFE67B1306838B93246D2
:1066A00031464046FFF70CFF3060C0F800900646C8
:1066B0002C46E3E72846BDE8F88300BF348600088F
:1066C00003850008838500082DE9F84F0C4607462E
:1066D00015462369496803EB6218A3684FEA621AFA
:1066E00008F101094B450BDB3846FFF7E1FD064693
:1066F00048B902464FF4EF71274B284800F092FB4F
:1067000001315B00EEE70023194600F1140C00F1A3
:106710001002534534DB22692AEAEA7A0CEB8A0C30
:1067200004F1140315F01F0E614603EB82022BD017
:106730000025CEF1200A8B461868043100FA0EF0CD
:106740002843CBF8000053F8045B9A4225FA0AF577
:10675000F1D8131B153B23F0030304F115018A4202
:1067600038BF00239C44CCF8045005B9C1463846D4
:106770002146C6F81090FFF7D9FD3046BDE8F88FE6
:1067800042F8041F0133C4E753F8045B04319A4212
:1067900041F8045CF8D8E9E77285000883850008B1
:1067A00003460A69006930B5801A0ED114331431DA
:1067B00003EB820401EB820154F8045D51F8042DCF
:1067C000954203D005D24FF0FF3030BDA342F3D342
:1067D000FBE70120F9E700002DE9F74F8A4606465E
:1067E000114650461446FFF7DBFF051E12D129461D
:1067F0003046FFF75DFD024628B940F23721404B95
:10680000404800F00FFB0123C0E90435104603B0F7
:10681000BDE8F08FBCBF5346A2463046DAF80410FC
:10682000BABF1C4601250025FFF742FD024618B9F4
:1068300040F24521324BE3E7C56000F11405AB4659
:106840004FF0000CDAF8107026690AF1140904F10F
:10685000140E0AF1100309EB87080EEB860601936C
:10686000019B5EF8040B53F804AF81B201931FFA49
:106870008AF35B1A000C6344C0EB1A4000EB234020
:106880009BB243EA004376454FEA204C4BF8043B69
:10689000E6D8331B153B153423F00303A64238BF5B
:1068A0000023E8184B441C1D26460430A5EB0905BF
:1068B000464506EB050E0ED308F10301091B21F036
:1068C00003010133984538BF0021014451F8043DCC
:1068D000A3B117619AE7E24656F8041B1FFA81FC40
:1068E000D4444FEA1149514409EB2C4989B241EA99
:1068F00009414FEA294CCEF80010D9E7013FE5E7FE
:1069000072850008838500082DE9734301219046B4
:106910009946089EFFF7CCFC044630B9024640F287
:106920000F31234B234800F07DFAC9F30A55C9F310
:1069300013030DB143F480130193B8F1000324D085
:1069400068460093FFF779FD0099E0B1019AC0F124
:10695000200302FA03F30B43C24063610192019BDF
:10696000002B0CBF01220222A3612261ADB1A5F26E
:10697000334505443560C0F13500099B1860204659
:1069800002B0BDE870836161E9E701A8FFF755FD3A
:10699000019B012263612030E7E7A0F2324004EB63
:1069A000820330601869FFF729FDC0EB4210E4E76D
:1069B00072850008838500082DE9F0471F468E6820
:1069C0008246BE420C469046334653D8B1F90C007D
:1069D00010F4906F2BD065692368096905EB4505B4
:1069E000A3EB010905EBD5757B1C6D104B44AB4245
:1069F0002A4684BF1D462A46430527D511465046E0
:106A0000FFF7CAFB064658B34A46216900F0FCF975
:106A1000A38923F4906343F08003A38126614E444D
:106A200026603B463E466561A5EB0905A5601F460D
:106A30003A464146206800F0BDF90020A3689B1B40
:106A4000A36023683B442360BDE8F087504600F014
:106A50002DFA06460028E1D150462169FFF72AFBAE
:106A60000C23CAF80030A3894FF0FF3043F04003F5
:106A7000A381E9E73E46DBE72DE9F0471F468B8916
:106A800006461B060D4614469CB010D50B6973B91B
:106A90004021FFF781FB2860286130B90C23336067
:106AA0004FF0FF301CB0BDE8F08740236B6100233E
:106AB000099320238DF8293030234FF001080397E4
:106AC000644F8DF82A302346994613F8012B0AB1FA
:106AD000252AF9D1B9EB040A0BD0534622462946A0
:106AE0003046FFF769FF013000F0A480099A524454
:106AF000099299F80030002B00F09C8000234FF0A1
:106B0000FF32CDE9052309F10109049307938DF8BC
:106B100053301A934C46052214F8011B4D48FEF7DA
:106B20004CFC049BD0B9D80644BF20228DF85320DA
:106B3000190744BF2B228DF8532099F800202A2AE8
:106B400013D04C4600204FF00A0C079A214611F84A
:106B5000013B303B092B49D968B913E0C01B08FA47
:106B600000F01843A1460490D4E7039A111D12685F
:106B70000391002A01DB079204E0524243F0020332
:106B80000792049323782E2B0AD163782A2B32D1D3
:106B9000039B02341A1D1B68039243EAE3730593B7
:106BA000DFF8B490032248462178FEF706FC38B19E
:106BB0004022049BA0EB090082401343013404935C
:106BC00014F8011B062225488DF82810FEF7F5FB66
:106BD000002835D0224818BB039B073323F0070356
:106BE00008330393099B034409936CE70C46012087
:106BF0000CFB0232AAE700234FF00A0C19460134BD
:106C00000593204610F8012B303A092A03D9002BAE
:106C1000C6D00591C4E7044601230CFB0121F0E72F
:106C200003AB00932A4630460E4B04A9FDF758FEED
:106C3000421CD7D1AB895B063FF532AF099831E7EB
:106C400003AB00932A463046064B04A9FEF7E6F84C
:106C5000EEE700BFDC850008E2850008E685000855
:106C6000E1480008B9690008B1F90C20F8B5160729
:106C700005460C4651D44B68002B02DC0B6C002BF4
:106C800049DDE66A002E46D0002312F480522F68B8
:106C90002B6031D0626DA389590705D56368D21A7C
:106CA000636B0BB1236CD21A00232846E66A216A73
:106CB000B047421CB4F90C3006D129681D2945D8CB
:106CC000274ACA40D60741D5002262602269D9040A
:106CD000226004D5421C01D12B6803B96065616B49
:106CE0002F60C1B104F14403994202D02846FFF756
:106CF000E1F9002363630EE001232846216AB047CF
:106D00000246501CC7D12B68002BC4D01D2B01D0CC
:106D1000162B19D12F6000201DE00F69002FFAD02B
:106D2000930718BF00230E6808BF4B69F61B0F605E
:106D30008B60002EEFDD33463A462846216AD4F8B0
:106D400028C0E047002807DCB4F90C304FF0FF30D2
:106D500043F04003A381F8BD0744361AE9E700BFBA
:106D60000100402038B50B6905460C4613B90025D3
:106D7000284638BD18B1036A0BB9FEF703FAB4F917
:106D80000C30002BF3D0626ED00704D4990502D4E6
:106D9000A06DFEF710FB28462146FFF765FF636EE6
:106DA0000546DA07E4D4A3899B05E1D4A06DFEF77C
:106DB00003FBDDE7884210B501EB020402D98442EF
:106DC000234607D8431EA14207D011F8012B03F830
:106DD000012FF8E70244824200D110BD13F8011DD3
:106DE00002F8011DF7E7000038B50023054D044601
:106DF00008462B60FBF750FA431C02D12B6803B105
:106E0000236038BDF00300200A44914200F1FF33B3
:106E100000D1704710B511F8014B914203F8014FB2
:106E2000F9D110BD1FB514461A46094B05461B681B
:106E3000D8684CB1074BCDE9013400912B46064987
:106E400000F070F800F080F8044B1C46F3E700BF38
:106E500020000020F785000804860008328600081C
:106E600070B5A1FB025434B92946FFF795F90646DF
:106E700028B9304670BD0C2200260260F9E72A4688
:106E80002146FEF71BFAF4E782B001B901A942B12D
:106E90004BB113780B601278101E18BF012002B09E
:106EA00070471046FBE76FF00100F8E72DE9F0416D
:106EB000074614460D4621B91146BDE8F041FFF7DB
:106EC0006BB92AB9FFF7F6F825462846BDE8F081E8
:106ED00000F041F88442064602D8B4EB500FF4D8D3
:106EE00021463846FFF758F9804608B94546ECE791
:106EF000B4422246294628BF3246FFF785FF29467D
:106F00003846FFF7D7F8F1E70346084641B1FF2AB4
:106F100004D98A224FF0FF301A60704701200A70AE
:106F2000704700000EB403B5014603AB054853F8A3
:106F3000042B0068019300F03DF802B05DF804EB0B
:106F400003B0704720000020062008B500F000FACA
:106F50000120FBF72CF951F8043C181F002BBCBF93
:106F60000B58C0187047936810B4013B002B936016
:106F700007DA9469A34201DB0A2902D110BC00F0B0
:106F80002DB91368581C10601970084610BC704762
:106F9000F8B506460F461446D518AC4201D100207C
:106FA00007E03A46304614F8011BFFF7DCFF431CAC
:106FB000F3D1F8BD2DE9F0470D4614461F460646AD
:106FC0009CB018B1036A0BB9FEF7DCF86B6ED907F9
:106FD00005D4AB899A0502D4A86DFEF7ECF9AB890C
:106FE0001B0701D52B699BB92946304600F034F9BF
:106FF00070B16B6EDC0704D54FF0FF301CB0BDE8FC
:10700000F087AB899805F7D4A86DFEF7D5F9F3E7BB
:107010000023099320238DF8293030234FF00108F5
:107020000397694F8DF82A302346994613F8012BB0
:107030000AB1252AF9D1B9EB040A0BD053462246EE
:1070400029463046FFF7A4FF013000F0A480099ADA
:107050005244099299F80030002B00F09C800023E4
:107060004FF0FF32CDE9052309F10109049307939D
:107070008DF853301A934C46052214F8011B5248E0
:10708000FEF79BF9049BD0B9D90644BF20228DF8A6
:1070900053201A0744BF2B228DF8532099F8002063
:1070A0002A2A13D04C4600204FF00A0C079A21469A
:1070B00011F8013B303B092B49D968B913E0C01BDB
:1070C00008FA00F01843A1460490D4E7039A111D72
:1070D00012680391002A01DB079204E0524243F058
:1070E00002030792049323782E2B0AD163782A2B6C
:1070F00032D1039B02341A1D1B68039243EAE373E7
:107100000593DFF8C890032248462178FEF755F929
:1071100038B14022049BA0EB0900824013430134A4
:10712000049314F8011B062229488DF82810FEF755
:1071300044F900283ED0274818BB039B073323F0AF
:10714000070308330393099B034409936CE70C4638
:1071500001200CFB0232AAE700234FF00A0C19466B
:1071600001340593204610F8012B303A092A03D93F
:10717000002BC6D00591C4E7044601230CFB012176
:10718000F0E703AB00932A463046134B04A9FDF702
:10719000A7FB431CD7D16B6ED90705D4AB899A05E1
:1071A00002D4A86DFEF708F9AB895B063FF524AF62
:1071B000099823E703AB00932A463046064B04A9FF
:1071C000FDF72CFEE5E700BFDC850008E28500083E
:1071D000E6850008E1480008916F0008F8B50E4602
:1071E0001446054618B1036A0BB9FDF7CBFFA36936
:1071F000A360A3891A0701D5236943B9214628460C
:1072000000F02AF818B14FF0FF373846F8BD236870
:107210002269F6B2981A63693746834205DC214633
:107220002846FFF79FFD0028EDD1A368013BA3602E
:1072300023685A1C22601E706269431C9A4204D063
:10724000A389DB07E1D50A2EDFD121462846FFF7C7
:1072500089FD0028D9D0D6E738B5284B05461868EF
:107260000C4618B1036A0BB9FDF78CFFB4F90C306A
:107270001A0721D4D80607D409222A6043F0400314
:107280004FF0FF30A38130E0590712D5616B41B157
:1072900004F14403994202D02846FEF70BFF002375
:1072A00063630022B4F90C306260226923F0240386
:1072B000226043F00803A38122693AB99A0501D5F7
:1072C000180603D52146284600F082F8B4F90C30A0
:1072D00013F001020AD00022A26062695242A26148
:1072E000226942B913F08000C8D138BD990758BF50
:1072F0006269A260F4E70020F7E700BF20000020E9
:107300001F2938B505460C4604D9162303604FF0F3
:10731000FF3038BDC26B12B152F821304BB928464C
:1073200000F030F8224601462846BDE8384000F01B
:1073300017B8012B0AD0591C03D116230360012072
:10734000E7E70021204642F8241098470020E0E7B4
:10735000024B01461868FFF7D3BF00BF2000002092
:1073600038B50023064D0446084611462B60FAF74F
:107370000EFF431C02D12B6803B1236038BD00BF50
:10738000F0030020FAF7FCBE70B50C46B1F90E1000
:10739000154600291E4696B00ADAA18911F080012F
:1073A00013D14FF48062002031602A6016B070BDA6
:1073B0006A4600F047F80028EFDB019901F47041BC
:1073C000A1F5005359425941EBE700214022EAE779
:1073D0008B8973B59E0705460C4607D504F1470314
:1073E000236023610123636102B070BD01AB6A4673
:1073F000FFF7CAFF009E28463146FEF7CDFEB4F9DE
:107400000C3038B99A05EFD423F0030343F002039C
:10741000A381E3E743F08003A381019BC4E9040651
:107420002060002BE0D02846B4F90E1000F01CF8C4
:107430000028D9D0A38923F0030343F00103A381DB
:10744000D2E7000038B50023064D04460846114631
:107450002B60FAF7FBFE431C02D12B6803B12360BB
:1074600038BD00BFF003002038B50023054D0446A9
:1074700008462B60FAF7F9FE431C02D12B6803B1D2
:10748000236038BDF003002038B5044600F03EF814
:10749000214605462046F9F7CBFD20B920460021BC
:1074A000F9F79EFD08B9284638BDFDF759FF21229E
:1074B000034600211A600846F9F7A8FC054628464D
:1074C00038BD00BF104A20F00043934217D900B5E1
:1074D000B3F1FF4F83B004D30146F9F7D9FA03B0F3
:1074E00000BD694600F0C0F9420002F002020199B5
:1074F0000098C2F1010200F07BF803B000BD012248
:10750000002100F075B800BFDA0F493F20F00042BB
:10751000B2F1FF4F2DE9F04104464FD2002A4BD083
:107520000028034654DB10F0FF424FD15B001802E5
:10753000114602F10102F9D549420024C3F31602B3
:10754000A1F17F05CB074FF0190E4FF0807C21464B
:1075500042F4000258BF52006D10520001EB0C03C0
:107560009342CFBF134603EB0C016444D31ABEF120
:10757000010E4FEA43024FEA5C0CEFD1BBB11A4E49
:107580001A4F30683968F9F783FAD6F80080014657
:107590004046F9F72FFD50B130683968F9F77AFAAB
:1075A000366801463046F9F71BFDC8B10234601059
:1075B00000F17C5000EBC550BDE8F0810146F9F7C1
:1075C00071FB2146F9F766FABDE8F081C115B4E711
:1075D0000146F9F75DFA0146F9F718FCBDE8F081BC
:1075E000013424F00104E2E73888000834880008F8
:1075F0002DE9F04F20F0004BBBF1465F04460E46EC
:107600009046824683B015D2F9F728FD48BB08F1B1
:10761000010252EA0B0200F0F680B8F1010F00F00F
:10762000FC8021467E48F9F7F1FB0546284603B069
:10763000BDE8F08F7B4A934513D30028BCBF00F10F
:10764000004401F1004678482146F9F721FA044642
:1076500031467648F9F71CFA2146F9F71BFA00265D
:10766000044621462046F9F71DFB01460746F9F777
:1076700019FB394605462046F9F714FB6C4981464B
:107680002846F9F70FFB6B49F9F704FA2946F9F791
:1076900009FB6949F9F7FEF92946F9F703FB674940
:1076A000F9F7F8F92946F9F7FDFA6549F9F7F2F91A
:1076B0002946F9F7F7FA6349F9F7ECF93946F9F78A
:1076C000F1FA614901902846F9F7ECFA5F49F9F7B8
:1076D000E1F92946F9F7E6FA5D49F9F7DBF92946B8
:1076E000F9F7E0FA5B49F9F7D5F92946F9F7DAFA3B
:1076F0005949F9F7CFF92946F9F7D4FA5749F9F773
:10770000C9F901460198F9F7C5F94946F9F7CAFAE6
:107710003146F9F7BFF93946F9F7C4FA3146F9F7B6
:10772000B9F905464E494846F9F7BCFA2946F9F732
:10773000B1F9064620463146F9F7ACF9394A054613
:1077400093452ED2B8F1010F27D0464F014607EAE4
:1077500000083348F9F75AFB214605464046F9F739
:1077600097F92F4001463046F9F792F93946F9F773
:1077700099FA394606464046F9F794FA4FF07E5199
:10778000F9F788F901463046F9F784F92946F9F7FF
:1077900089FA3946F9F77EF90546284603B0BDE86F
:1077A000F08F4046F9F72AFA294607462846F9F7A6
:1077B00079FA0346394628461D46F9F76BF9014622
:1077C0002846F9F723FB3146F9F762F901462046CE
:1077D000F9F75EF90146F9F75DF901463846F9F720
:1077E00057F94FEAAA7A0AF0020A0446CAF10100E0
:1077F000F9F704FA01462046F9F754FA05462846F7
:1078000003B0BDE8F08F204600F09CF901464FF030
:107810007E50F9F7FBFA0546BFE72546BDE700BFF6
:10782000000080BF40A12C3FDA0F493F682122337E
:107830008453D9377AC09538B937813948DEBE3A92
:107840001F37113CD10D5D3D5FAE9BB745F4A338AA
:10785000C8261A3A16696B3BA427B33C8988083EB0
:10786000ABAAAA3E00F0FFFF2DE9F04FA84A20F096
:10787000004595420C4689B06FD9A64A0646954206
:107880001FD820F000450028A34925F00F0540F33C
:107890001981F9F7FDF8A14B06469D426BD0A0492E
:1078A000F9F7F6F8054630462946F9F7F1F89C490C
:1078B000F9F7EEF8012725606060384609B0BDE8A9
:1078C000F08F984A954266D9B5F1FF4F4DD2EF152A
:1078D000863FA5EBC7552846F9F7C0FBF9F78EF9A7
:1078E000014628460591F9F7D3F84FF08741F9F79B
:1078F000D9F98046F9F7B2FBF9F780F90546404619
:1079000029460695F9F7C4F84FF08741F9F7CAF907
:1079100000210790F9F75AFB002800F0B1802846B3
:107920000021F9F753FB002814BF0123022302258D
:107930007D493A46019105A82146009500F006F9D7
:10794000002E0746B9DAD4E9002302F1004203F120
:107950000043226063604742AFE7002220604A6034
:107960000027384609B0BDE8F08F0146F9F790F8D6
:1079700060602060F4E76D49F9F78AF86C490646C3
:10798000F9F786F8054630462946F9F781F868493F
:10799000F9F77EF88EE700F0D5F866498046F9F7EA
:1079A00081F94FF07C51F9F775F8F9F757FB074665
:1079B000F9F724F958498346F9F774F90146404626
:1079C000F9F766F8564982465846F9F76BF9814649
:1079D00050464946F9F75CF81F2F80461FDC564B8E
:1079E0007A1E53F8222026F0004323F0FF0393422F
:1079F00015D0C4F8008041465046F9F749F8494689
:107A0000F9F746F8002E6060BFF657AF08F100485E
:107A100000F10040C4F8008060607F424DE7C8F389
:107A2000C753C3EBD553082B4FEAE552E1DD3F497D
:107A300058460392F9F736F9804650464146F9F721
:107A400027F8054650462946F9F722F84146F9F746
:107A50001FF8804636495846F9F724F94146F9F7A8
:107A600017F8814628464946F9F712F8039AC0F3F9
:107A7000C753D21A192A804604DCAA462060BAE706
:107A8000032354E72D495846F9F70CF98046284658
:107A90004146F8F7FDFF824628465146F8F7F8FFC1
:107AA0004146F8F7F5FF054625495846F9F7FAF833
:107AB0002946F8F7EDFF814650464946F8F7E8FFBA
:107AC000804696E7F8F7E6FF144B06469D420FD036
:107AD0001349F8F7DFFF054630462946F8F7D8FF87
:107AE0000F49F8F7D7FF4FF0FF3725606060E4E6F5
:107AF0000E49F8F7CFFF0E490646F8F7CBFF0546CB
:107B000030462946F8F7C4FF0949F8F7C3FFEAE70A
:107B1000D80F493FE3CB1640800FC93FD00FC93F74
:107B200043443537800F4943BC880008004435374B
:107B300008A3852E84F9223F3C88000800A3852EE7
:107B400032318D2420F00040704700BF2DE9F04F06
:107B5000DDB0B34C669D9C468046013B101D54F839
:107B600025A009910193C0F2C582D31E48BF131D01
:107B7000DB1006930133DB000A930A9B0699D31AA4
:107B800004930CF1FF331AEB0307A1EB030520D498
:107B900001372F443B4620AE3746002493461E460D
:107BA000DDF89C91CDF800C008E059F82500F9F700
:107BB00025F80135B54247F8040B07D0002DF4DA5B
:107BC00020460135B54247F8040BF7D15A46DDF897
:107BD00000C0BAF1000FC0F23F8301980021834634
:107BE000A8F104040DF18009029409EB8C0948AF57
:107BF0004FEA8C050AEB0C0304EB8C06002880F29C
:107C0000B0810BF1010B9B4547F8041B09F10409F6
:107C1000F4D1029B54461D440CAB03EB8A03043B96
:107C200007930CAB03EB8A03CDF80CA09A460B929A
:107C3000CDF820C00DEB8403002CD3F820B14FEA1F
:107C400084092EDD4B460DF590780CAF08EB090644
:107C50000094A9463C465D4637469B464FF06E5120
:107C60002846F9F71FF8F9F7F9F9F8F7C7FF4FF0C9
:107C700087410646F9F716F801462846F8F708FF47
:107C8000F9F7ECF957F8041D44F8040B3046F8F7FF
:107C900001FF47450546E1D15B464D46834699467F
:107CA000009CDDF810805846414600F007FB4FF07D
:107CB00078510646F8F7F6FF00F058FB4FF0824186
:107CC000F8F7F0FF01463046F8F7E2FE0746F9F70D
:107CD000C5F90646F8F792FF01463846F8F7D8FE90
:107CE0004146002907467EDD621E0CAB53F8223068
:107CF000C8F1080043FA00F101FA00F01B1AC8F1BC
:107D0000070843FA08F80E44B8F1000F0CA941F82F
:107D1000223000F3138100213846F9F757F9002883
:107D200000F0BA80039B9C420CDD002209F1300375
:107D30006B4453F8041D534542EA0102F9D1002A6D
:107D400040F03681039B0CAA013B52F82330661C9D
:107D5000002B40F004810123079A52F8041D0133DF
:107D60000029FAD0E218089B20AF1C44069B07EBC1
:107D7000840703EB060808F18048679B08F1FF3889
:107D800003EB880848AB99440092CDF814A058F84A
:107D9000040FF8F733FF019B47F8040B002B1ADBA5
:107DA000BA460024DDF808B05AF8041D5BF8040F49
:107DB000F8F778FF01462046F8F76CFEAB4504461D
:107DC000F2D1009B01369E4249F8044FDFDD1C468C
:107DD000DDF814A02EE70024009B01369E4249F8EE
:107DE000044FD4DDF3E700F08F804FF07C51F9F7BA
:107DF0000BF9804600288ED0002CC8BF4FF0020837
:107E000006F1010640F31F8200210CAA52F8043B40
:107E1000002B75D0C3F5807342F8043C07E000BF27
:107E2000008C00081368C3F1FF0342F8043B0131E2
:107E30008C42F7DC0123049A002A0DDD012A00F0B0
:107E40004F81022A08D1611E0CAA52F821200CA8E9
:107E500002F03F0240F82120B8F1020F7FF45BAF3F
:107E600039464FF07E500093F8F712FE009B07460C
:107E7000002B3FF450AF04994FF07E5000F01EFAF3
:107E800001463846F8F704FE074600213846F9F760
:107E90009DF800287FF446AFDDE90A323846991A8A
:107EA000DDF80CA000F00AFA4FF08741A146044625
:107EB000F9F7AAF8002800F0A6814FF06E5120468D
:107EC000F8F7F0FEF9F7CAF8F8F798FE4FF0874197
:107ED0000546F8F7E7FE01462046F8F7D9FDF9F721
:107EE000BDF80CAB43F82900049B284608330493E3
:107EF000F9F7B4F809F101070CAB43F827006EE07D
:107F000001318C4282DC96E7631E0CAA52F82330C2
:107F10004FEAE318B8F1000F7FF7FDAE002C06F131
:107F200001063FF771AFB8F1020F7FF4F4AE3946A6
:107F30004FF07E50F8F7ACFD0746ECE6002C06F15A
:107F400001063FF761AF0499012900F098810229E9
:107F5000E9D103F03F030CA941F82230E3E73246B0
:107F600001E7CDF800A09846DA460392CDF814C098
:107F70000795CB460024029D5BF8041D55F8040FBD
:107F8000F8F790FE01462046F8F784FDB542044616
:107F9000F2D10AF1010AC24547F8040B09F10409BC
:107FA000E7D1DDF800A0039ADDF814C0079D30E6A4
:107FB000DDE903A3671EA3F108020CAB53F82730D9
:107FC000049263B904F18043013B0CA901EB8303E4
:107FD00053F8041D013F083A0029F9D004924FF0EC
:107FE0007E50049900F06AF9002F0546C0F23A81EC
:107FF0007C1C0CAA02EB840BA30000964FF06E5978
:108000005E469B4648AA02EB840456F8040DF8F736
:10801000F5FD2946F8F746FE494644F8040D284682
:10802000F8F740FE0CAB9E420546EED10025009EBF
:10803000ABF1080248A901EB0209BAF1000F34AA1A
:108040000196CDF808804E46A84600971546CDF813
:108050000CB024DB374600244FF0000BDFF85892B9
:108060000EE057F8041F59F8040BF8F71BFE014601
:108070002046F8F70FFD0BF1010BDA45044601DB52
:10808000C345EEDD009A45F8044B904508F1010325
:10809000A6F1040605D0BAF1000F9846DADA0024FA
:1080A000F0E7669A009F022A039BDDE9016852DC33
:1080B000002A24DC0FD1002034AAD41854F8041D5F
:1080C000F8F7E8FC34ABA342F8D1B8F1000F40F068
:1080D000AC80099B186006F007005DB0BDE8F08F2A
:1080E000611E0CAA52F821200CA802F07F0240F871
:1080F0002120B1E608230A93002306933DE50025DD
:10810000284634AADDF8D0A0D41854F8041DF8F796
:10811000C1FC34ABA342F8D105465046B8F1000F7C
:1081200079D12946F8F7B4FC099B1D6067B1012598
:1081300054F8041F0135F8F7ADFCAF42F8DAB8F196
:10814000000F01D000F10040099B586006F00700C5
:108150005DB0BDE8F08F669B032BBCD1002F00F013
:108160009C8034AB03EB870BDA46BD0053F8274005
:1081700000955AF8045C20462946F8F78BFCA14686
:10818000044628462146F8F783FC4946F8F782FC66
:1081900034ABCAF800004AF8044D5345E9D1012F29
:1081A000009D7AD05C591F1D5BF804AC20465146F7
:1081B000F8F770FCA146044650462146F8F768FCE3
:1081C0004946F8F767FCCBF800004BF8044D5F45D3
:1081D000EAD1002034AB2C1D1C4403F1080954F8EB
:1081E000041DF8F757FCA145F9D1349A359BB8F135
:1081F000000F1DD109990A604B60886006F00700E6
:108200005DB0BDE8F08F2046F8F728FF0CAB4F4675
:1082100043F82900E3E6099A05F100432946136073
:10822000F8F736FC002F82D18CE700F1004050E7D0
:10823000099902F1004203F1004300F100400A6095
:108240004B608860DAE739464FF07E50F8F720FC43
:108250004FF0020807465EE5A8F1040302934FEAD7
:108260008C05D6E4669B022B13DC002B17DC7FF415
:1082700032AF0020B8F1000F3FF42BAFD5E703F089
:108280007F030CA9B8F1020F41F822307FF443AD0F
:108290004DE6669B032B7FF41EAF0020A5E73498C4
:1082A000B8F1000F04D04FF00043099A136049E77A
:1082B0000023099A136047E7D48B000810B50C46D9
:1082C00030F0004103461DD0B1F1FF4F1BD210F03A
:1082D000FF4F02461BD14FF09841F8F7E3FC204ACC
:1082E000034694422CDBC0F3C75102464CF2503097
:1082F0008442A1F1190110DD18461A4961F31E00EC
:10830000F8F7D0FC10BD0146F8F7C4FB10BD4CF2E5
:10831000503084424FEAD151EEDC2144FE29EBDC9F
:10832000002911DC11F1160F13DB01F1190022F005
:10833000FF424FF04C5142EAC050F8F7B3FC10BD79
:108340000949F8F7AFFC10BD22F0FF4242EAC150E4
:1083500010BD1846044961F31E00F8F7A3FC10BDD8
:10836000B03CFFFFCAF249716042A20D2DE9F04115
:10837000C0F3C7557F3D162D044620F0004717DC9B
:10838000002D80461FDB194F2F41384213D018496A
:10839000F8F780FB0021F8F741FE60B1002C03DA0A
:1083A0004FF400032B41984428EA0700BDE8F08110
:1083B000B7F1FF4F02D22046BDE8F0810146F8F741
:1083C00069FBBDE8F0810A49F8F764FB0021F8F782
:1083D00025FE0028EFD0002C01DB0020ECE717B9C8
:1083E0004FF00040E8E70348E6E700BFFFFF7F00EB
:1083F000CAF24971000080BFF8B500BFF8BC08BCE4
:108400009E467047F8B500BFF8BC08BC9E46704752
:10841000415046432053595354454D005354415203
:1084200054494E472E2E2E0043555252454E54204D
:108430004F464653455400004E4F204C4F41442E6A
:108440002E2E00004F464653455420524541445974
:1084500000000000563A25362E31662056000000F6
:10846000493A25362E32662041000000503A253622
:108470002E3166205700000050463A25352E3266D0
:1084800000000000000000000000000001020304E2
:1084900006070809000000000102030402030405A6
:1084A000060708090A0B0C0D0E0F10100102000040
:1084B00002030405060708090A0B0C0D0E0F101025
:1084C0000102494E4600696E66004E414E006E61E3
:1084D0006E0030003031323334353637383941426E
:1084E000434445460030313233343536373839610C
:1084F000626364656600496E66696E697479004EF0
:10850000614E005245454E54206D616C6C6F632086
:10851000737563636565646564002F6275696C6477
:108520002F676E752D746F6F6C732D666F722D7360
:10853000746D33325F31342E332E72656C312E32CE
:10854000303235313032372D303730302F7372635F
:108550002F6E65776C69622F6E65776C69622F6C20
:108560006962632F7374646C69622F64746F612E27
:10857000630042616C6C6F6320737563636565644F
:108580006564002F6275696C642F676E752D746F5A
:108590006F6C732D666F722D73746D33325F31346F
:1085A0002E332E72656C312E323032353130323707
:1085B0002D303730302F7372632F6E65776C6962A0
:1085C0002F6E65776C69622F6C6962632F737464B8
:1085D0006C69622F6D707265632E6300232D302BE2
:1085E0002000686C4C0065666745464700430050B4
:1085F0004F534958002E002C2066756E6374696FC6
:108600006E3A2000617373657274696F6E20222563
:108610007322206661696C65643A2066696C652026
:10862000222573222C206C696E6520256425732514
:10863000730A000005000000190000007D00000022
:108640000080E03779C34143176E05B5B5B893464E
:10865000F5F93FE9034F384D321D30F94877825A1A
:108660003CBF737FDD4F1575000000000000F03F38
:1086700000000000000024400000000000005940FD
:108680000000000000408F40000000000088C34050
:1086900000000000006AF8400000000080842E41C5
:1086A00000000000D01263410000000084D7974111
:1086B0000000000065CDCD41000000205FA0024217
:1086C000000000E876483742000000A2941A6D428C
:1086D000000040E59C30A2420000901EC4BCD6427F
:1086E00000003426F56B0C430080E03779C341432A
:1086F00000A0D8855734764300C84E676DC1AB43A0
:10870000003D9160E458E143408CB5781DAF1544BD
:1087100050EFE2D6E41A4B4492D54D06CFF0804498
:10872000F64AE1C7022DB544B49DD9794378EA44AD
:108730000020202020202020202028282828282031
:108740002020202020202020202020202020202029
:108750002088101010101010101010101010101091
:108760001004040404040404040404101010101081
:10877000101041414141414101010101010101014B
:10878000010101010101010101010101101010109D
:10879000101042424242424202020202020202021D
:1087A0000202020202020202020202021010101071
:1087B0002000000000000000000000000000000099
:1087C00000000000000000000000000000000000A9
:1087D0000000000000000000000000000000000099
:1087E0000000000000000000000000000000000089
:1087F0000000000000000000000000000000000079
:108800000000000000000000000000000000000068
:108810000000000000000000000000000000000058
:108820000000000000000000000000000000000048
:10883000000000006042A20D0000803F000FC93F11
:10884000000F494000CB9640000FC9400053FB4049
:1088500000CB164100ED2F41000F4941003162412C
:1088600000537B41003A8A4100CB9641005CA34112
:1088700000EDAF41007EBC41000FC94100A0D541D1
:108880000031E24100C2EE410053FB4100F20342DD
:10889000003A0A420083104200CB164200141D42E7
:1088A000005C234200A5294200ED2F4200363642EB
:1088B000007E3C4200C74242000F4942A200000035
:1088C000F9000000830000006E0000004E00000070
:1088D000440000001500000029000000FC0000001A
:1088E0002700000057000000D1000000F500000044
:1088F00034000000DD000000C0000000DB000000CC
:108900006200000095000000990000003C0000009B
:10891000430000009000000041000000FE00000045
:108920005100000063000000AB000000DE0000000A
:10893000BB000000C500000061000000B70000009F
:10894000240000006E0000003A0000004200000019
:108950004D000000D2000000E00000000600000012
:10896000490000002E000000EA000000090000009D
:10897000D1000000920000001C000000FE0000007A
:108980001D000000EB0000001C000000B100000012
:1089900029000000A70000003E000000E8000000E1
:1089A0008200000035000000F50000002E000000ED
:1089B000BB0000004400000084000000E90000004B
:1089C0009C0000007000000026000000B4000000C1
:1089D0005F0000007E000000410000003900000040
:1089E00091000000D6000000390000008300000064
:1089F0005300000039000000F40000009C0000005B
:108A0000840000005F0000008B000000BD0000003B
:108A1000F9000000280000003B0000001F000000DB
:108A2000F800000097000000FF000000DE000000DA
:108A300005000000980000000F000000EF0000009B
:108A40002F000000110000008B0000005A00000001
:108A50000A0000006D0000001F0000006D00000013
:108A6000360000007E000000CF000000270000005C
:108A7000CB00000009000000B70000004F0000001C
:108A8000460000003F000000660000009E0000005D
:108A90005F000000EA0000002D00000075000000EB
:108AA00027000000BA000000C7000000EB00000033
:108AB000E5000000F10000007B0000003D00000028
:108AC0000700000039000000F70000008A000000E5
:108AD0005200000092000000EA0000006B0000005D
:108AE000FB0000005F000000B10000001F0000005C
:108AF0008D0000005D00000008000000560000002E
:108B0000030000003000000046000000FC000000F0
:108B10007B0000006B000000AB000000F0000000D4
:108B2000CF000000BC000000200000009A00000000
:108B3000F4000000360000001D000000A900000045
:108B4000E300000091000000610000005E000000F2
:108B5000E60000001B0000000800000065000000A7
:108B600099000000850000005F0000001400000074
:108B7000A000000068000000400000008D00000020
:108B8000FF000000D8000000800000004D00000041
:108B90007300000027000000310000000600000004
:108BA000060000001500000056000000CA0000008A
:108BB00073000000A8000000C90000006000000071
:108BC000E20000007B000000C00000008C000000FC
:108BD0006B0000000000C93F0000F0390000DA37E8
:108BE0000000A2330000842E0000502B0000C2279A
:108BF0000000D0220000C41F0000C61B0000441764
:0C8C000004000000070000000900000054
:088C0C004475FF7F0100000028
:048C1400350100081E
:048C1800110100083E
:108C1C003333D33F0000204000127A0010000000D4
:108C2C00010000000000000003000000B40200205E
:108C3C002400002000000000B40200201C030020CF
:108C4C008403002000000000000000000000000071
:108C5C000000000000000000000000000000000008
:108C6C0000000000000000000000000000000000F8
:108C7C0000000000000000000000000000000000E8
:108C8C004300000000000000000000000000000095
:108C9C0000000000000000000000000000000000C8
:108CAC004300000000000000000000000000000075
:108CBC0000000000000000000000000000000000A8
:108CCC004300000000000000000000000000000055
:108CDC000000000000000000000000000000000088
:108CEC004300000000000000000000000000000035
:108CFC000000000000000000000000000000000068
:108D0C004300000000000000000000000000000014
:108D1C000000000000000000000000000000000047
:108D2C0043000000000000000000000000000000F4
:108D3C000000000000000000000000000000000027
:108D4C0043000000000000000000000000000000D4
:108D5C000000000000000000000000000000000007
:108D6C00096F0008896E00080000000030870008B9
:108D7C00F585000832860008328600083286000825
:108D8C0032860008328600083286000832860008D7
:108D9C003286000832860008FFFFFFFFFFFFFFFF4F
:108DAC00FFFFFFFFFFFF0000010041534349490053
:108DBC0000000000000000000000000000000000A7
:108DCC00000000000000000000004153434949002E
:108DDC000000000000000000000000000000000087
:0C8DEC000000000000000000000000007B
:0400000508002311BB
:00000001FF
